exposure_id,user_id,experiment_id,variant,exposure_ts
1,1,EXP_BANNER_001,A,02/08/2025 16:00
2,2,EXP_BANNER_001,B,17/07/2025 04:00
3,3,EXP_BANNER_001,A,08/08/2025 09:00
4,4,EXP_BANNER_001,B,15/08/2025 03:00
5,5,EXP_BANNER_001,B,08/07/2025 13:00
6,6,EXP_BANNER_001,B,25/07/2025 17:00
7,7,EXP_BANNER_001,A,01/08/2025 08:00
8,8,EXP_BANNER_001,A,10/07/2025 03:00
9,9,EXP_BANNER_001,A,16/08/2025 05:00
10,10,EXP_BANNER_001,A,01/08/2025 19:00
11,11,EXP_BANNER_001,B,25/08/2025 06:00
12,12,EXP_BANNER_001,A,07/07/2025 18:00
13,13,EXP_BANNER_001,A,12/08/2025 07:00
14,14,EXP_BANNER_001,A,06/08/2025 04:00
15,15,EXP_BANNER_001,B,13/08/2025 17:00
16,16,EXP_BANNER_001,A,19/07/2025 11:00
17,17,EXP_BANNER_001,B,21/07/2025 00:00
18,18,EXP_BANNER_001,A,08/07/2025 23:00
19,19,EXP_BANNER_001,B,29/07/2025 03:00
20,20,EXP_BANNER_001,B,03/07/2025 08:00
21,21,EXP_BANNER_001,A,30/08/2025 09:00
22,22,EXP_BANNER_001,A,31/08/2025 11:00
23,23,EXP_BANNER_001,A,17/08/2025 18:00
24,24,EXP_BANNER_001,A,02/07/2025 00:00
25,25,EXP_BANNER_001,A,27/08/2025 22:00
26,26,EXP_BANNER_001,B,09/07/2025 15:00
27,27,EXP_BANNER_001,B,27/08/2025 22:00
28,28,EXP_BANNER_001,A,19/07/2025 19:00
29,29,EXP_BANNER_001,B,10/08/2025 22:00
30,30,EXP_BANNER_001,A,10/07/2025 14:00
31,31,EXP_BANNER_001,B,02/07/2025 08:00
32,32,EXP_BANNER_001,A,01/07/2025 10:00
33,33,EXP_BANNER_001,B,20/08/2025 15:00
34,34,EXP_BANNER_001,B,20/07/2025 10:00
35,35,EXP_BANNER_001,A,23/07/2025 17:00
36,36,EXP_BANNER_001,A,17/07/2025 02:00
37,37,EXP_BANNER_001,A,01/08/2025 19:00
38,38,EXP_BANNER_001,B,30/07/2025 04:00
39,39,EXP_BANNER_001,B,03/07/2025 22:00
40,40,EXP_BANNER_001,B,17/08/2025 03:00
41,41,EXP_BANNER_001,B,05/07/2025 03:00
42,42,EXP_BANNER_001,B,24/07/2025 19:00
43,43,EXP_BANNER_001,A,10/07/2025 19:00
44,44,EXP_BANNER_001,B,01/07/2025 17:00
45,45,EXP_BANNER_001,B,18/07/2025 23:00
46,46,EXP_BANNER_001,A,30/07/2025 06:00
47,47,EXP_BANNER_001,B,16/07/2025 19:00
48,48,EXP_BANNER_001,A,25/07/2025 08:00
49,49,EXP_BANNER_001,A,15/08/2025 12:00
50,50,EXP_BANNER_001,B,11/08/2025 10:00
51,51,EXP_BANNER_001,A,04/07/2025 00:00
52,52,EXP_BANNER_001,A,03/07/2025 13:00
53,53,EXP_BANNER_001,A,01/08/2025 17:00
54,54,EXP_BANNER_001,B,25/08/2025 04:00
55,55,EXP_BANNER_001,B,29/08/2025 22:00
56,56,EXP_BANNER_001,A,08/08/2025 12:00
57,57,EXP_BANNER_001,A,11/07/2025 04:00
58,58,EXP_BANNER_001,A,02/07/2025 15:00
59,59,EXP_BANNER_001,B,27/07/2025 04:00
60,60,EXP_BANNER_001,A,09/07/2025 01:00
61,61,EXP_BANNER_001,B,09/08/2025 16:00
62,62,EXP_BANNER_001,B,09/08/2025 02:00
63,63,EXP_BANNER_001,A,03/07/2025 02:00
64,64,EXP_BANNER_001,B,16/08/2025 17:00
65,65,EXP_BANNER_001,B,19/07/2025 01:00
66,66,EXP_BANNER_001,B,20/07/2025 19:00
67,67,EXP_BANNER_001,A,09/07/2025 19:00
68,68,EXP_BANNER_001,B,29/07/2025 03:00
69,69,EXP_BANNER_001,B,27/08/2025 12:00
70,70,EXP_BANNER_001,B,11/08/2025 02:00
71,71,EXP_BANNER_001,B,24/07/2025 15:00
72,72,EXP_BANNER_001,A,10/08/2025 01:00
73,73,EXP_BANNER_001,B,07/08/2025 22:00
74,74,EXP_BANNER_001,B,18/08/2025 04:00
75,75,EXP_BANNER_001,A,26/08/2025 16:00
76,76,EXP_BANNER_001,A,04/07/2025 03:00
77,77,EXP_BANNER_001,A,27/08/2025 05:00
78,78,EXP_BANNER_001,B,06/07/2025 10:00
79,79,EXP_BANNER_001,A,02/08/2025 13:00
80,80,EXP_BANNER_001,B,10/08/2025 23:00
81,81,EXP_BANNER_001,A,17/08/2025 00:00
82,82,EXP_BANNER_001,A,06/07/2025 00:00
83,83,EXP_BANNER_001,B,25/07/2025 08:00
84,84,EXP_BANNER_001,A,27/08/2025 08:00
85,85,EXP_BANNER_001,B,02/07/2025 21:00
86,86,EXP_BANNER_001,A,17/07/2025 21:00
87,87,EXP_BANNER_001,B,18/08/2025 21:00
88,88,EXP_BANNER_001,A,20/08/2025 03:00
89,89,EXP_BANNER_001,B,08/08/2025 09:00
90,90,EXP_BANNER_001,B,08/08/2025 17:00
91,91,EXP_BANNER_001,A,01/08/2025 07:00
92,92,EXP_BANNER_001,A,26/08/2025 15:00
93,93,EXP_BANNER_001,A,24/08/2025 05:00
94,94,EXP_BANNER_001,B,21/08/2025 07:00
95,95,EXP_BANNER_001,B,29/07/2025 20:00
96,96,EXP_BANNER_001,A,22/07/2025 06:00
97,97,EXP_BANNER_001,A,26/08/2025 23:00
98,98,EXP_BANNER_001,B,20/07/2025 07:00
99,99,EXP_BANNER_001,B,15/07/2025 00:00
100,100,EXP_BANNER_001,B,04/08/2025 06:00
101,101,EXP_BANNER_001,A,22/08/2025 04:00
102,102,EXP_BANNER_001,B,09/08/2025 12:00
103,103,EXP_BANNER_001,B,07/08/2025 02:00
104,104,EXP_BANNER_001,A,29/07/2025 15:00
105,105,EXP_BANNER_001,A,22/07/2025 20:00
106,106,EXP_BANNER_001,A,02/08/2025 08:00
107,107,EXP_BANNER_001,B,02/07/2025 04:00
108,108,EXP_BANNER_001,A,30/07/2025 09:00
109,109,EXP_BANNER_001,B,24/08/2025 18:00
110,110,EXP_BANNER_001,B,10/07/2025 14:00
111,111,EXP_BANNER_001,B,29/07/2025 02:00
112,112,EXP_BANNER_001,B,11/08/2025 12:00
113,113,EXP_BANNER_001,A,06/07/2025 11:00
114,114,EXP_BANNER_001,B,15/08/2025 07:00
115,115,EXP_BANNER_001,A,23/07/2025 02:00
116,116,EXP_BANNER_001,B,13/07/2025 23:00
117,117,EXP_BANNER_001,B,08/08/2025 04:00
118,118,EXP_BANNER_001,B,30/07/2025 04:00
119,119,EXP_BANNER_001,B,28/07/2025 03:00
120,120,EXP_BANNER_001,A,08/08/2025 13:00
121,121,EXP_BANNER_001,B,09/08/2025 10:00
122,122,EXP_BANNER_001,B,18/07/2025 05:00
123,123,EXP_BANNER_001,B,14/07/2025 10:00
124,124,EXP_BANNER_001,A,28/07/2025 16:00
125,125,EXP_BANNER_001,A,04/07/2025 06:00
126,126,EXP_BANNER_001,B,22/08/2025 21:00
127,127,EXP_BANNER_001,A,27/08/2025 07:00
128,128,EXP_BANNER_001,B,09/07/2025 04:00
129,129,EXP_BANNER_001,B,09/07/2025 22:00
130,130,EXP_BANNER_001,B,24/08/2025 19:00
131,131,EXP_BANNER_001,A,15/08/2025 08:00
132,132,EXP_BANNER_001,B,30/07/2025 20:00
133,133,EXP_BANNER_001,A,20/08/2025 12:00
134,134,EXP_BANNER_001,A,21/08/2025 08:00
135,135,EXP_BANNER_001,B,26/07/2025 20:00
136,136,EXP_BANNER_001,A,24/07/2025 18:00
137,137,EXP_BANNER_001,A,29/07/2025 07:00
138,138,EXP_BANNER_001,A,14/07/2025 14:00
139,139,EXP_BANNER_001,B,30/07/2025 08:00
140,140,EXP_BANNER_001,B,16/08/2025 00:00
141,141,EXP_BANNER_001,A,06/07/2025 23:00
142,142,EXP_BANNER_001,A,11/08/2025 13:00
143,143,EXP_BANNER_001,B,01/07/2025 14:00
144,144,EXP_BANNER_001,A,27/07/2025 14:00
145,145,EXP_BANNER_001,B,03/07/2025 13:00
146,146,EXP_BANNER_001,B,05/08/2025 06:00
147,147,EXP_BANNER_001,B,04/07/2025 23:00
148,148,EXP_BANNER_001,B,13/08/2025 14:00
149,149,EXP_BANNER_001,B,17/08/2025 16:00
150,150,EXP_BANNER_001,B,09/07/2025 10:00
151,151,EXP_BANNER_001,A,25/08/2025 06:00
152,152,EXP_BANNER_001,A,30/08/2025 01:00
153,153,EXP_BANNER_001,B,21/07/2025 08:00
154,154,EXP_BANNER_001,A,08/08/2025 04:00
155,155,EXP_BANNER_001,B,15/07/2025 15:00
156,156,EXP_BANNER_001,B,18/07/2025 21:00
157,157,EXP_BANNER_001,B,23/08/2025 07:00
158,158,EXP_BANNER_001,A,04/08/2025 07:00
159,159,EXP_BANNER_001,A,22/07/2025 16:00
160,160,EXP_BANNER_001,B,19/07/2025 03:00
161,161,EXP_BANNER_001,A,17/07/2025 22:00
162,162,EXP_BANNER_001,B,17/07/2025 08:00
163,163,EXP_BANNER_001,B,08/08/2025 02:00
164,164,EXP_BANNER_001,B,17/07/2025 04:00
165,165,EXP_BANNER_001,B,27/08/2025 22:00
166,166,EXP_BANNER_001,A,16/08/2025 05:00
167,167,EXP_BANNER_001,A,08/08/2025 15:00
168,168,EXP_BANNER_001,B,23/08/2025 03:00
169,169,EXP_BANNER_001,A,15/08/2025 04:00
170,170,EXP_BANNER_001,A,05/08/2025 21:00
171,171,EXP_BANNER_001,A,04/07/2025 03:00
172,172,EXP_BANNER_001,A,20/08/2025 00:00
173,173,EXP_BANNER_001,B,12/08/2025 12:00
174,174,EXP_BANNER_001,A,22/07/2025 20:00
175,175,EXP_BANNER_001,B,22/08/2025 07:00
176,176,EXP_BANNER_001,A,01/07/2025 03:00
177,177,EXP_BANNER_001,B,07/07/2025 23:00
178,178,EXP_BANNER_001,A,07/08/2025 16:00
179,179,EXP_BANNER_001,B,15/07/2025 20:00
180,180,EXP_BANNER_001,A,14/08/2025 18:00
181,181,EXP_BANNER_001,B,30/07/2025 16:00
182,182,EXP_BANNER_001,A,03/08/2025 09:00
183,183,EXP_BANNER_001,A,06/08/2025 07:00
184,184,EXP_BANNER_001,A,29/08/2025 17:00
185,185,EXP_BANNER_001,B,15/08/2025 17:00
186,186,EXP_BANNER_001,B,28/07/2025 22:00
187,187,EXP_BANNER_001,A,13/07/2025 13:00
188,188,EXP_BANNER_001,A,05/07/2025 07:00
189,189,EXP_BANNER_001,B,05/08/2025 11:00
190,190,EXP_BANNER_001,B,28/08/2025 14:00
191,191,EXP_BANNER_001,A,26/07/2025 10:00
192,192,EXP_BANNER_001,B,07/08/2025 18:00
193,193,EXP_BANNER_001,B,18/07/2025 14:00
194,194,EXP_BANNER_001,B,05/08/2025 00:00
195,195,EXP_BANNER_001,A,26/08/2025 13:00
196,196,EXP_BANNER_001,A,16/07/2025 15:00
197,197,EXP_BANNER_001,A,12/08/2025 21:00
198,198,EXP_BANNER_001,B,03/07/2025 09:00
199,199,EXP_BANNER_001,A,12/07/2025 13:00
200,200,EXP_BANNER_001,B,01/08/2025 11:00
201,201,EXP_BANNER_001,B,30/08/2025 12:00
202,202,EXP_BANNER_001,B,26/07/2025 01:00
203,203,EXP_BANNER_001,A,18/07/2025 21:00
204,204,EXP_BANNER_001,A,29/07/2025 21:00
205,205,EXP_BANNER_001,A,03/08/2025 13:00
206,206,EXP_BANNER_001,B,27/07/2025 13:00
207,207,EXP_BANNER_001,B,05/07/2025 01:00
208,208,EXP_BANNER_001,A,30/07/2025 14:00
209,209,EXP_BANNER_001,B,04/08/2025 10:00
210,210,EXP_BANNER_001,A,19/07/2025 17:00
211,211,EXP_BANNER_001,A,07/08/2025 01:00
212,212,EXP_BANNER_001,A,29/07/2025 17:00
213,213,EXP_BANNER_001,B,18/08/2025 06:00
214,214,EXP_BANNER_001,A,27/08/2025 15:00
215,215,EXP_BANNER_001,A,28/07/2025 15:00
216,216,EXP_BANNER_001,B,24/08/2025 05:00
217,217,EXP_BANNER_001,B,10/07/2025 10:00
218,218,EXP_BANNER_001,A,06/07/2025 20:00
219,219,EXP_BANNER_001,A,30/08/2025 14:00
220,220,EXP_BANNER_001,B,30/08/2025 01:00
221,221,EXP_BANNER_001,A,09/08/2025 10:00
222,222,EXP_BANNER_001,A,18/07/2025 07:00
223,223,EXP_BANNER_001,B,03/08/2025 15:00
224,224,EXP_BANNER_001,A,11/07/2025 14:00
225,225,EXP_BANNER_001,B,27/08/2025 00:00
226,226,EXP_BANNER_001,A,24/08/2025 14:00
227,227,EXP_BANNER_001,A,22/07/2025 17:00
228,228,EXP_BANNER_001,A,08/08/2025 18:00
229,229,EXP_BANNER_001,A,06/07/2025 01:00
230,230,EXP_BANNER_001,A,09/08/2025 07:00
231,231,EXP_BANNER_001,A,15/07/2025 10:00
232,232,EXP_BANNER_001,B,14/08/2025 04:00
233,233,EXP_BANNER_001,B,30/08/2025 10:00
234,234,EXP_BANNER_001,A,10/07/2025 01:00
235,235,EXP_BANNER_001,B,23/08/2025 02:00
236,236,EXP_BANNER_001,B,26/07/2025 16:00
237,237,EXP_BANNER_001,B,01/08/2025 06:00
238,238,EXP_BANNER_001,A,07/07/2025 17:00
239,239,EXP_BANNER_001,A,31/07/2025 01:00
240,240,EXP_BANNER_001,A,12/07/2025 13:00
241,241,EXP_BANNER_001,A,11/07/2025 09:00
242,242,EXP_BANNER_001,A,08/07/2025 19:00
243,243,EXP_BANNER_001,B,09/08/2025 18:00
244,244,EXP_BANNER_001,B,04/07/2025 09:00
245,245,EXP_BANNER_001,A,17/07/2025 14:00
246,246,EXP_BANNER_001,A,20/08/2025 05:00
247,247,EXP_BANNER_001,A,17/08/2025 13:00
248,248,EXP_BANNER_001,A,21/08/2025 01:00
249,249,EXP_BANNER_001,B,31/08/2025 10:00
250,250,EXP_BANNER_001,A,18/07/2025 04:00
251,251,EXP_BANNER_001,B,31/08/2025 21:00
252,252,EXP_BANNER_001,B,09/07/2025 10:00
253,253,EXP_BANNER_001,B,15/08/2025 14:00
254,254,EXP_BANNER_001,B,12/07/2025 08:00
255,255,EXP_BANNER_001,B,23/07/2025 06:00
256,256,EXP_BANNER_001,A,29/08/2025 04:00
257,257,EXP_BANNER_001,A,13/08/2025 21:00
258,258,EXP_BANNER_001,B,19/08/2025 19:00
259,259,EXP_BANNER_001,A,10/07/2025 03:00
260,260,EXP_BANNER_001,B,18/08/2025 17:00
261,261,EXP_BANNER_001,A,15/08/2025 10:00
262,262,EXP_BANNER_001,A,02/08/2025 00:00
263,263,EXP_BANNER_001,A,19/07/2025 12:00
264,264,EXP_BANNER_001,B,08/07/2025 03:00
265,265,EXP_BANNER_001,A,03/07/2025 05:00
266,266,EXP_BANNER_001,A,31/08/2025 16:00
267,267,EXP_BANNER_001,A,28/08/2025 06:00
268,268,EXP_BANNER_001,B,07/08/2025 21:00
269,269,EXP_BANNER_001,B,22/07/2025 15:00
270,270,EXP_BANNER_001,A,12/08/2025 19:00
271,271,EXP_BANNER_001,B,30/08/2025 14:00
272,272,EXP_BANNER_001,A,06/08/2025 20:00
273,273,EXP_BANNER_001,B,12/08/2025 08:00
274,274,EXP_BANNER_001,A,09/08/2025 13:00
275,275,EXP_BANNER_001,A,15/07/2025 12:00
276,276,EXP_BANNER_001,B,08/08/2025 21:00
277,277,EXP_BANNER_001,B,05/08/2025 03:00
278,278,EXP_BANNER_001,A,31/08/2025 13:00
279,279,EXP_BANNER_001,B,18/07/2025 18:00
280,280,EXP_BANNER_001,B,24/07/2025 08:00
281,281,EXP_BANNER_001,A,22/08/2025 20:00
282,282,EXP_BANNER_001,B,02/08/2025 08:00
283,283,EXP_BANNER_001,B,23/08/2025 04:00
284,284,EXP_BANNER_001,A,16/08/2025 14:00
285,285,EXP_BANNER_001,B,22/08/2025 10:00
286,286,EXP_BANNER_001,A,21/08/2025 00:00
287,287,EXP_BANNER_001,B,17/08/2025 01:00
288,288,EXP_BANNER_001,A,09/08/2025 04:00
289,289,EXP_BANNER_001,A,29/08/2025 18:00
290,290,EXP_BANNER_001,B,07/07/2025 21:00
291,291,EXP_BANNER_001,B,16/07/2025 13:00
292,292,EXP_BANNER_001,B,06/07/2025 02:00
293,293,EXP_BANNER_001,B,15/07/2025 12:00
294,294,EXP_BANNER_001,A,03/08/2025 20:00
295,295,EXP_BANNER_001,A,11/07/2025 17:00
296,296,EXP_BANNER_001,A,01/07/2025 06:00
297,297,EXP_BANNER_001,A,11/07/2025 02:00
298,298,EXP_BANNER_001,A,06/08/2025 21:00
299,299,EXP_BANNER_001,B,11/08/2025 20:00
300,300,EXP_BANNER_001,B,06/08/2025 01:00
301,301,EXP_BANNER_001,A,22/07/2025 19:00
302,302,EXP_BANNER_001,A,03/07/2025 02:00
303,303,EXP_BANNER_001,B,21/08/2025 01:00
304,304,EXP_BANNER_001,A,29/08/2025 18:00
305,305,EXP_BANNER_001,A,11/08/2025 12:00
306,306,EXP_BANNER_001,A,06/07/2025 09:00
307,307,EXP_BANNER_001,A,20/08/2025 21:00
308,308,EXP_BANNER_001,A,28/07/2025 20:00
309,309,EXP_BANNER_001,B,18/08/2025 01:00
310,310,EXP_BANNER_001,A,08/08/2025 14:00
311,311,EXP_BANNER_001,B,03/08/2025 18:00
312,312,EXP_BANNER_001,B,25/08/2025 13:00
313,313,EXP_BANNER_001,B,20/07/2025 23:00
314,314,EXP_BANNER_001,A,29/08/2025 16:00
315,315,EXP_BANNER_001,A,09/08/2025 02:00
316,316,EXP_BANNER_001,A,25/07/2025 04:00
317,317,EXP_BANNER_001,A,01/08/2025 19:00
318,318,EXP_BANNER_001,A,14/07/2025 23:00
319,319,EXP_BANNER_001,B,09/07/2025 02:00
320,320,EXP_BANNER_001,A,30/08/2025 02:00
321,321,EXP_BANNER_001,A,15/08/2025 18:00
322,322,EXP_BANNER_001,A,21/07/2025 01:00
323,323,EXP_BANNER_001,B,20/07/2025 01:00
324,324,EXP_BANNER_001,B,11/08/2025 21:00
325,325,EXP_BANNER_001,B,31/08/2025 19:00
326,326,EXP_BANNER_001,B,18/08/2025 21:00
327,327,EXP_BANNER_001,B,17/08/2025 15:00
328,328,EXP_BANNER_001,B,31/08/2025 07:00
329,329,EXP_BANNER_001,A,26/07/2025 21:00
330,330,EXP_BANNER_001,B,20/07/2025 07:00
331,331,EXP_BANNER_001,B,10/07/2025 06:00
332,332,EXP_BANNER_001,A,06/08/2025 21:00
333,333,EXP_BANNER_001,B,09/07/2025 16:00
334,334,EXP_BANNER_001,A,17/08/2025 21:00
335,335,EXP_BANNER_001,B,16/08/2025 03:00
336,336,EXP_BANNER_001,A,31/07/2025 22:00
337,337,EXP_BANNER_001,B,26/08/2025 14:00
338,338,EXP_BANNER_001,B,29/08/2025 16:00
339,339,EXP_BANNER_001,A,05/07/2025 21:00
340,340,EXP_BANNER_001,A,11/07/2025 09:00
341,341,EXP_BANNER_001,A,15/07/2025 17:00
342,342,EXP_BANNER_001,A,02/07/2025 15:00
343,343,EXP_BANNER_001,B,23/08/2025 18:00
344,344,EXP_BANNER_001,A,20/07/2025 21:00
345,345,EXP_BANNER_001,A,23/07/2025 16:00
346,346,EXP_BANNER_001,A,01/08/2025 01:00
347,347,EXP_BANNER_001,B,01/07/2025 04:00
348,348,EXP_BANNER_001,A,27/08/2025 22:00
349,349,EXP_BANNER_001,B,26/07/2025 23:00
350,350,EXP_BANNER_001,A,04/07/2025 23:00
351,351,EXP_BANNER_001,A,15/07/2025 00:00
352,352,EXP_BANNER_001,B,16/08/2025 09:00
353,353,EXP_BANNER_001,A,19/07/2025 18:00
354,354,EXP_BANNER_001,B,21/07/2025 18:00
355,355,EXP_BANNER_001,A,13/07/2025 02:00
356,356,EXP_BANNER_001,B,21/07/2025 14:00
357,357,EXP_BANNER_001,B,14/07/2025 03:00
358,358,EXP_BANNER_001,B,16/08/2025 11:00
359,359,EXP_BANNER_001,A,27/07/2025 05:00
360,360,EXP_BANNER_001,B,02/07/2025 01:00
361,361,EXP_BANNER_001,B,12/08/2025 01:00
362,362,EXP_BANNER_001,A,16/07/2025 21:00
363,363,EXP_BANNER_001,A,22/07/2025 17:00
364,364,EXP_BANNER_001,B,22/07/2025 22:00
365,365,EXP_BANNER_001,A,20/08/2025 11:00
366,366,EXP_BANNER_001,B,12/08/2025 09:00
367,367,EXP_BANNER_001,B,28/08/2025 08:00
368,368,EXP_BANNER_001,A,21/08/2025 14:00
369,369,EXP_BANNER_001,B,09/08/2025 08:00
370,370,EXP_BANNER_001,B,21/08/2025 17:00
371,371,EXP_BANNER_001,A,20/08/2025 19:00
372,372,EXP_BANNER_001,B,10/07/2025 21:00
373,373,EXP_BANNER_001,A,22/08/2025 05:00
374,374,EXP_BANNER_001,A,30/08/2025 12:00
375,375,EXP_BANNER_001,B,20/07/2025 05:00
376,376,EXP_BANNER_001,A,23/07/2025 00:00
377,377,EXP_BANNER_001,B,12/08/2025 16:00
378,378,EXP_BANNER_001,A,11/08/2025 13:00
379,379,EXP_BANNER_001,A,23/07/2025 17:00
380,380,EXP_BANNER_001,A,24/08/2025 02:00
381,381,EXP_BANNER_001,B,24/07/2025 23:00
382,382,EXP_BANNER_001,B,23/08/2025 23:00
383,383,EXP_BANNER_001,B,12/07/2025 11:00
384,384,EXP_BANNER_001,B,09/07/2025 20:00
385,385,EXP_BANNER_001,B,02/08/2025 05:00
386,386,EXP_BANNER_001,B,06/07/2025 17:00
387,387,EXP_BANNER_001,B,20/08/2025 21:00
388,388,EXP_BANNER_001,B,30/08/2025 19:00
389,389,EXP_BANNER_001,B,18/08/2025 19:00
390,390,EXP_BANNER_001,B,31/08/2025 11:00
391,391,EXP_BANNER_001,A,17/08/2025 19:00
392,392,EXP_BANNER_001,A,08/07/2025 16:00
393,393,EXP_BANNER_001,B,22/07/2025 03:00
394,394,EXP_BANNER_001,A,11/07/2025 02:00
395,395,EXP_BANNER_001,A,25/08/2025 18:00
396,396,EXP_BANNER_001,B,07/07/2025 15:00
397,397,EXP_BANNER_001,A,10/08/2025 12:00
398,398,EXP_BANNER_001,A,07/08/2025 21:00
399,399,EXP_BANNER_001,A,02/08/2025 15:00
400,400,EXP_BANNER_001,A,05/08/2025 09:00
401,401,EXP_BANNER_001,B,25/08/2025 09:00
402,402,EXP_BANNER_001,B,19/08/2025 14:00
403,403,EXP_BANNER_001,B,12/08/2025 18:00
404,404,EXP_BANNER_001,B,15/08/2025 13:00
405,405,EXP_BANNER_001,B,08/08/2025 12:00
406,406,EXP_BANNER_001,A,22/07/2025 17:00
407,407,EXP_BANNER_001,B,24/08/2025 16:00
408,408,EXP_BANNER_001,A,17/08/2025 19:00
409,409,EXP_BANNER_001,A,23/07/2025 01:00
410,410,EXP_BANNER_001,B,21/07/2025 18:00
411,411,EXP_BANNER_001,B,20/08/2025 12:00
412,412,EXP_BANNER_001,A,18/08/2025 01:00
413,413,EXP_BANNER_001,B,09/08/2025 16:00
414,414,EXP_BANNER_001,A,01/08/2025 17:00
415,415,EXP_BANNER_001,A,31/07/2025 12:00
416,416,EXP_BANNER_001,A,07/08/2025 19:00
417,417,EXP_BANNER_001,A,16/07/2025 07:00
418,418,EXP_BANNER_001,B,26/07/2025 04:00
419,419,EXP_BANNER_001,A,21/07/2025 08:00
420,420,EXP_BANNER_001,B,20/07/2025 09:00
421,421,EXP_BANNER_001,A,01/08/2025 16:00
422,422,EXP_BANNER_001,B,19/07/2025 20:00
423,423,EXP_BANNER_001,B,30/07/2025 17:00
424,424,EXP_BANNER_001,B,08/07/2025 04:00
425,425,EXP_BANNER_001,A,29/07/2025 08:00
426,426,EXP_BANNER_001,B,31/07/2025 03:00
427,427,EXP_BANNER_001,B,30/07/2025 16:00
428,428,EXP_BANNER_001,A,15/08/2025 05:00
429,429,EXP_BANNER_001,A,22/07/2025 12:00
430,430,EXP_BANNER_001,A,02/08/2025 19:00
431,431,EXP_BANNER_001,A,25/07/2025 16:00
432,432,EXP_BANNER_001,A,24/08/2025 07:00
433,433,EXP_BANNER_001,A,21/08/2025 07:00
434,434,EXP_BANNER_001,A,21/07/2025 15:00
435,435,EXP_BANNER_001,B,08/08/2025 13:00
436,436,EXP_BANNER_001,A,15/07/2025 02:00
437,437,EXP_BANNER_001,A,26/08/2025 20:00
438,438,EXP_BANNER_001,B,24/08/2025 12:00
439,439,EXP_BANNER_001,A,24/08/2025 11:00
440,440,EXP_BANNER_001,A,05/07/2025 04:00
441,441,EXP_BANNER_001,A,17/07/2025 09:00
442,442,EXP_BANNER_001,A,28/08/2025 07:00
443,443,EXP_BANNER_001,A,07/08/2025 06:00
444,444,EXP_BANNER_001,A,09/08/2025 13:00
445,445,EXP_BANNER_001,A,10/07/2025 11:00
446,446,EXP_BANNER_001,B,07/07/2025 21:00
447,447,EXP_BANNER_001,B,13/08/2025 22:00
448,448,EXP_BANNER_001,A,24/08/2025 05:00
449,449,EXP_BANNER_001,A,13/08/2025 02:00
450,450,EXP_BANNER_001,A,29/08/2025 18:00
451,451,EXP_BANNER_001,B,12/08/2025 23:00
452,452,EXP_BANNER_001,B,22/08/2025 20:00
453,453,EXP_BANNER_001,A,07/07/2025 00:00
454,454,EXP_BANNER_001,A,29/08/2025 06:00
455,455,EXP_BANNER_001,A,27/07/2025 01:00
456,456,EXP_BANNER_001,B,08/08/2025 19:00
457,457,EXP_BANNER_001,B,22/08/2025 13:00
458,458,EXP_BANNER_001,A,11/08/2025 12:00
459,459,EXP_BANNER_001,B,28/07/2025 13:00
460,460,EXP_BANNER_001,A,28/08/2025 06:00
461,461,EXP_BANNER_001,B,30/07/2025 14:00
462,462,EXP_BANNER_001,B,05/08/2025 00:00
463,463,EXP_BANNER_001,A,18/07/2025 15:00
464,464,EXP_BANNER_001,A,13/08/2025 17:00
465,465,EXP_BANNER_001,B,31/08/2025 16:00
466,466,EXP_BANNER_001,A,05/08/2025 07:00
467,467,EXP_BANNER_001,B,23/07/2025 19:00
468,468,EXP_BANNER_001,A,30/07/2025 17:00
469,469,EXP_BANNER_001,B,08/07/2025 03:00
470,470,EXP_BANNER_001,A,14/07/2025 04:00
471,471,EXP_BANNER_001,A,07/08/2025 15:00
472,472,EXP_BANNER_001,A,04/08/2025 06:00
473,473,EXP_BANNER_001,A,05/08/2025 02:00
474,474,EXP_BANNER_001,A,30/07/2025 03:00
475,475,EXP_BANNER_001,B,05/07/2025 03:00
476,476,EXP_BANNER_001,A,07/07/2025 11:00
477,477,EXP_BANNER_001,A,03/08/2025 14:00
478,478,EXP_BANNER_001,A,28/07/2025 04:00
479,479,EXP_BANNER_001,A,02/07/2025 17:00
480,480,EXP_BANNER_001,B,30/08/2025 06:00
481,481,EXP_BANNER_001,B,13/07/2025 07:00
482,482,EXP_BANNER_001,A,14/07/2025 05:00
483,483,EXP_BANNER_001,B,31/07/2025 18:00
484,484,EXP_BANNER_001,B,14/08/2025 23:00
485,485,EXP_BANNER_001,B,23/07/2025 11:00
486,486,EXP_BANNER_001,A,24/07/2025 01:00
487,487,EXP_BANNER_001,A,25/07/2025 06:00
488,488,EXP_BANNER_001,A,30/07/2025 03:00
489,489,EXP_BANNER_001,B,15/08/2025 20:00
490,490,EXP_BANNER_001,B,29/08/2025 02:00
491,491,EXP_BANNER_001,A,08/07/2025 23:00
492,492,EXP_BANNER_001,A,22/08/2025 14:00
493,493,EXP_BANNER_001,B,20/07/2025 12:00
494,494,EXP_BANNER_001,B,03/08/2025 20:00
495,495,EXP_BANNER_001,A,02/08/2025 00:00
496,496,EXP_BANNER_001,B,13/08/2025 18:00
497,497,EXP_BANNER_001,A,19/07/2025 02:00
498,498,EXP_BANNER_001,A,09/07/2025 20:00
499,499,EXP_BANNER_001,B,28/07/2025 12:00
500,500,EXP_BANNER_001,B,29/08/2025 01:00
501,501,EXP_BANNER_001,B,13/07/2025 19:00
502,502,EXP_BANNER_001,A,03/08/2025 00:00
503,503,EXP_BANNER_001,A,13/08/2025 03:00
504,504,EXP_BANNER_001,A,18/08/2025 19:00
505,505,EXP_BANNER_001,A,21/08/2025 11:00
506,506,EXP_BANNER_001,A,17/07/2025 21:00
507,507,EXP_BANNER_001,A,04/08/2025 15:00
508,508,EXP_BANNER_001,A,09/07/2025 14:00
509,509,EXP_BANNER_001,A,05/08/2025 07:00
510,510,EXP_BANNER_001,A,17/08/2025 03:00
511,511,EXP_BANNER_001,B,14/08/2025 23:00
512,512,EXP_BANNER_001,A,05/08/2025 02:00
513,513,EXP_BANNER_001,B,04/08/2025 12:00
514,514,EXP_BANNER_001,B,04/08/2025 06:00
515,515,EXP_BANNER_001,B,08/08/2025 06:00
516,516,EXP_BANNER_001,A,04/08/2025 14:00
517,517,EXP_BANNER_001,A,10/08/2025 19:00
518,518,EXP_BANNER_001,B,24/08/2025 18:00
519,519,EXP_BANNER_001,B,19/08/2025 20:00
520,520,EXP_BANNER_001,A,16/07/2025 07:00
521,521,EXP_BANNER_001,A,03/08/2025 11:00
522,522,EXP_BANNER_001,B,13/08/2025 00:00
523,523,EXP_BANNER_001,A,09/07/2025 17:00
524,524,EXP_BANNER_001,B,20/08/2025 07:00
525,525,EXP_BANNER_001,A,20/07/2025 13:00
526,526,EXP_BANNER_001,A,30/07/2025 04:00
527,527,EXP_BANNER_001,B,01/08/2025 19:00
528,528,EXP_BANNER_001,A,15/08/2025 19:00
529,529,EXP_BANNER_001,B,09/08/2025 21:00
530,530,EXP_BANNER_001,A,16/07/2025 01:00
531,531,EXP_BANNER_001,A,08/07/2025 23:00
532,532,EXP_BANNER_001,B,09/08/2025 05:00
533,533,EXP_BANNER_001,A,22/08/2025 07:00
534,534,EXP_BANNER_001,A,07/08/2025 05:00
535,535,EXP_BANNER_001,B,06/07/2025 06:00
536,536,EXP_BANNER_001,B,15/07/2025 13:00
537,537,EXP_BANNER_001,B,02/07/2025 05:00
538,538,EXP_BANNER_001,A,05/08/2025 09:00
539,539,EXP_BANNER_001,A,09/08/2025 15:00
540,540,EXP_BANNER_001,B,29/08/2025 20:00
541,541,EXP_BANNER_001,A,15/07/2025 16:00
542,542,EXP_BANNER_001,A,08/08/2025 14:00
543,543,EXP_BANNER_001,B,19/08/2025 03:00
544,544,EXP_BANNER_001,A,24/07/2025 19:00
545,545,EXP_BANNER_001,A,25/08/2025 00:00
546,546,EXP_BANNER_001,A,30/07/2025 06:00
547,547,EXP_BANNER_001,A,11/07/2025 01:00
548,548,EXP_BANNER_001,B,03/08/2025 16:00
549,549,EXP_BANNER_001,B,02/08/2025 08:00
550,550,EXP_BANNER_001,A,17/08/2025 15:00
551,551,EXP_BANNER_001,A,26/08/2025 08:00
552,552,EXP_BANNER_001,B,15/07/2025 10:00
553,553,EXP_BANNER_001,A,01/08/2025 10:00
554,554,EXP_BANNER_001,A,21/08/2025 01:00
555,555,EXP_BANNER_001,B,02/08/2025 10:00
556,556,EXP_BANNER_001,B,14/07/2025 15:00
557,557,EXP_BANNER_001,A,19/08/2025 13:00
558,558,EXP_BANNER_001,B,06/07/2025 01:00
559,559,EXP_BANNER_001,A,27/07/2025 16:00
560,560,EXP_BANNER_001,B,20/07/2025 07:00
561,561,EXP_BANNER_001,B,23/08/2025 00:00
562,562,EXP_BANNER_001,B,05/07/2025 03:00
563,563,EXP_BANNER_001,B,30/08/2025 11:00
564,564,EXP_BANNER_001,B,10/07/2025 07:00
565,565,EXP_BANNER_001,A,30/08/2025 16:00
566,566,EXP_BANNER_001,A,14/07/2025 05:00
567,567,EXP_BANNER_001,B,05/07/2025 18:00
568,568,EXP_BANNER_001,B,09/07/2025 06:00
569,569,EXP_BANNER_001,A,22/07/2025 14:00
570,570,EXP_BANNER_001,B,07/08/2025 19:00
571,571,EXP_BANNER_001,B,19/07/2025 09:00
572,572,EXP_BANNER_001,A,25/07/2025 01:00
573,573,EXP_BANNER_001,A,15/08/2025 12:00
574,574,EXP_BANNER_001,A,30/07/2025 23:00
575,575,EXP_BANNER_001,A,12/07/2025 23:00
576,576,EXP_BANNER_001,A,12/08/2025 05:00
577,577,EXP_BANNER_001,A,12/08/2025 18:00
578,578,EXP_BANNER_001,A,23/07/2025 08:00
579,579,EXP_BANNER_001,A,21/08/2025 03:00
580,580,EXP_BANNER_001,B,01/07/2025 15:00
581,581,EXP_BANNER_001,A,26/08/2025 12:00
582,582,EXP_BANNER_001,B,09/07/2025 12:00
583,583,EXP_BANNER_001,B,16/07/2025 19:00
584,584,EXP_BANNER_001,B,07/08/2025 08:00
585,585,EXP_BANNER_001,B,08/08/2025 16:00
586,586,EXP_BANNER_001,B,12/08/2025 08:00
587,587,EXP_BANNER_001,A,05/08/2025 01:00
588,588,EXP_BANNER_001,B,26/07/2025 09:00
589,589,EXP_BANNER_001,A,03/08/2025 22:00
590,590,EXP_BANNER_001,B,29/08/2025 11:00
591,591,EXP_BANNER_001,A,10/08/2025 02:00
592,592,EXP_BANNER_001,A,30/07/2025 16:00
593,593,EXP_BANNER_001,A,12/08/2025 23:00
594,594,EXP_BANNER_001,B,29/07/2025 21:00
595,595,EXP_BANNER_001,A,30/08/2025 13:00
596,596,EXP_BANNER_001,A,06/07/2025 09:00
597,597,EXP_BANNER_001,A,17/08/2025 13:00
598,598,EXP_BANNER_001,A,28/08/2025 19:00
599,599,EXP_BANNER_001,B,04/07/2025 20:00
600,600,EXP_BANNER_001,B,23/07/2025 19:00
601,601,EXP_BANNER_001,A,01/08/2025 10:00
602,602,EXP_BANNER_001,A,05/07/2025 02:00
603,603,EXP_BANNER_001,A,06/08/2025 13:00
604,604,EXP_BANNER_001,A,04/08/2025 03:00
605,605,EXP_BANNER_001,B,01/08/2025 01:00
606,606,EXP_BANNER_001,B,09/07/2025 11:00
607,607,EXP_BANNER_001,A,08/08/2025 15:00
608,608,EXP_BANNER_001,B,30/08/2025 20:00
609,609,EXP_BANNER_001,A,24/07/2025 18:00
610,610,EXP_BANNER_001,B,06/07/2025 20:00
611,611,EXP_BANNER_001,B,24/07/2025 18:00
612,612,EXP_BANNER_001,B,30/08/2025 16:00
613,613,EXP_BANNER_001,B,27/08/2025 00:00
614,614,EXP_BANNER_001,B,11/07/2025 15:00
615,615,EXP_BANNER_001,A,03/08/2025 02:00
616,616,EXP_BANNER_001,A,14/08/2025 01:00
617,617,EXP_BANNER_001,A,31/08/2025 03:00
618,618,EXP_BANNER_001,B,28/07/2025 19:00
619,619,EXP_BANNER_001,B,01/08/2025 17:00
620,620,EXP_BANNER_001,B,13/08/2025 22:00
621,621,EXP_BANNER_001,B,29/07/2025 23:00
622,622,EXP_BANNER_001,A,02/08/2025 21:00
623,623,EXP_BANNER_001,B,15/08/2025 03:00
624,624,EXP_BANNER_001,B,09/08/2025 21:00
625,625,EXP_BANNER_001,A,08/07/2025 20:00
626,626,EXP_BANNER_001,A,07/07/2025 20:00
627,627,EXP_BANNER_001,A,18/08/2025 03:00
628,628,EXP_BANNER_001,A,15/08/2025 02:00
629,629,EXP_BANNER_001,B,05/08/2025 22:00
630,630,EXP_BANNER_001,B,13/07/2025 04:00
631,631,EXP_BANNER_001,B,27/07/2025 08:00
632,632,EXP_BANNER_001,A,04/07/2025 10:00
633,633,EXP_BANNER_001,B,17/07/2025 02:00
634,634,EXP_BANNER_001,B,18/07/2025 00:00
635,635,EXP_BANNER_001,A,26/08/2025 23:00
636,636,EXP_BANNER_001,B,23/07/2025 21:00
637,637,EXP_BANNER_001,A,29/07/2025 21:00
638,638,EXP_BANNER_001,A,11/07/2025 06:00
639,639,EXP_BANNER_001,A,15/08/2025 05:00
640,640,EXP_BANNER_001,A,21/08/2025 10:00
641,641,EXP_BANNER_001,B,26/07/2025 10:00
642,642,EXP_BANNER_001,A,19/08/2025 00:00
643,643,EXP_BANNER_001,A,16/08/2025 18:00
644,644,EXP_BANNER_001,A,20/08/2025 23:00
645,645,EXP_BANNER_001,A,18/08/2025 12:00
646,646,EXP_BANNER_001,A,29/07/2025 09:00
647,647,EXP_BANNER_001,A,21/08/2025 09:00
648,648,EXP_BANNER_001,B,05/08/2025 02:00
649,649,EXP_BANNER_001,A,20/07/2025 06:00
650,650,EXP_BANNER_001,B,27/07/2025 12:00
651,651,EXP_BANNER_001,A,14/08/2025 10:00
652,652,EXP_BANNER_001,B,10/07/2025 13:00
653,653,EXP_BANNER_001,B,04/07/2025 20:00
654,654,EXP_BANNER_001,A,17/08/2025 05:00
655,655,EXP_BANNER_001,A,17/07/2025 00:00
656,656,EXP_BANNER_001,B,23/07/2025 00:00
657,657,EXP_BANNER_001,A,28/08/2025 03:00
658,658,EXP_BANNER_001,B,10/08/2025 13:00
659,659,EXP_BANNER_001,A,15/07/2025 19:00
660,660,EXP_BANNER_001,A,07/07/2025 21:00
661,661,EXP_BANNER_001,B,15/08/2025 15:00
662,662,EXP_BANNER_001,B,24/08/2025 09:00
663,663,EXP_BANNER_001,A,18/07/2025 03:00
664,664,EXP_BANNER_001,B,27/08/2025 09:00
665,665,EXP_BANNER_001,B,21/08/2025 07:00
666,666,EXP_BANNER_001,A,29/08/2025 20:00
667,667,EXP_BANNER_001,A,20/07/2025 11:00
668,668,EXP_BANNER_001,A,19/08/2025 05:00
669,669,EXP_BANNER_001,A,02/07/2025 06:00
670,670,EXP_BANNER_001,B,06/08/2025 03:00
671,671,EXP_BANNER_001,A,21/07/2025 22:00
672,672,EXP_BANNER_001,A,05/07/2025 01:00
673,673,EXP_BANNER_001,B,27/07/2025 00:00
674,674,EXP_BANNER_001,B,02/07/2025 04:00
675,675,EXP_BANNER_001,B,07/07/2025 19:00
676,676,EXP_BANNER_001,B,08/07/2025 12:00
677,677,EXP_BANNER_001,A,13/08/2025 15:00
678,678,EXP_BANNER_001,B,10/08/2025 08:00
679,679,EXP_BANNER_001,A,25/08/2025 01:00
680,680,EXP_BANNER_001,A,07/07/2025 20:00
681,681,EXP_BANNER_001,A,05/07/2025 04:00
682,682,EXP_BANNER_001,B,11/07/2025 00:00
683,683,EXP_BANNER_001,B,08/07/2025 13:00
684,684,EXP_BANNER_001,A,10/08/2025 01:00
685,685,EXP_BANNER_001,B,28/08/2025 02:00
686,686,EXP_BANNER_001,B,12/08/2025 19:00
687,687,EXP_BANNER_001,A,02/08/2025 11:00
688,688,EXP_BANNER_001,B,07/07/2025 05:00
689,689,EXP_BANNER_001,A,22/08/2025 08:00
690,690,EXP_BANNER_001,B,03/07/2025 17:00
691,691,EXP_BANNER_001,A,12/08/2025 01:00
692,692,EXP_BANNER_001,A,04/07/2025 02:00
693,693,EXP_BANNER_001,A,04/07/2025 14:00
694,694,EXP_BANNER_001,A,09/07/2025 14:00
695,695,EXP_BANNER_001,B,11/07/2025 23:00
696,696,EXP_BANNER_001,A,15/08/2025 08:00
697,697,EXP_BANNER_001,A,27/07/2025 01:00
698,698,EXP_BANNER_001,B,04/07/2025 12:00
699,699,EXP_BANNER_001,B,02/07/2025 15:00
700,700,EXP_BANNER_001,B,24/07/2025 03:00
701,701,EXP_BANNER_001,A,03/08/2025 13:00
702,702,EXP_BANNER_001,A,16/08/2025 04:00
703,703,EXP_BANNER_001,A,03/08/2025 20:00
704,704,EXP_BANNER_001,B,17/07/2025 20:00
705,705,EXP_BANNER_001,B,14/08/2025 10:00
706,706,EXP_BANNER_001,B,24/08/2025 23:00
707,707,EXP_BANNER_001,B,15/07/2025 23:00
708,708,EXP_BANNER_001,A,01/07/2025 03:00
709,709,EXP_BANNER_001,B,03/07/2025 08:00
710,710,EXP_BANNER_001,A,28/08/2025 14:00
711,711,EXP_BANNER_001,A,08/08/2025 02:00
712,712,EXP_BANNER_001,A,01/08/2025 09:00
713,713,EXP_BANNER_001,A,30/07/2025 06:00
714,714,EXP_BANNER_001,B,13/07/2025 22:00
715,715,EXP_BANNER_001,A,04/08/2025 09:00
716,716,EXP_BANNER_001,B,05/07/2025 18:00
717,717,EXP_BANNER_001,B,30/07/2025 09:00
718,718,EXP_BANNER_001,B,11/08/2025 03:00
719,719,EXP_BANNER_001,B,03/08/2025 20:00
720,720,EXP_BANNER_001,A,29/07/2025 00:00
721,721,EXP_BANNER_001,A,15/07/2025 01:00
722,722,EXP_BANNER_001,A,01/08/2025 08:00
723,723,EXP_BANNER_001,A,09/07/2025 16:00
724,724,EXP_BANNER_001,B,11/07/2025 08:00
725,725,EXP_BANNER_001,A,31/08/2025 01:00
726,726,EXP_BANNER_001,A,16/07/2025 07:00
727,727,EXP_BANNER_001,A,01/08/2025 05:00
728,728,EXP_BANNER_001,A,30/08/2025 00:00
729,729,EXP_BANNER_001,B,28/08/2025 12:00
730,730,EXP_BANNER_001,A,03/07/2025 02:00
731,731,EXP_BANNER_001,B,07/07/2025 06:00
732,732,EXP_BANNER_001,B,21/07/2025 15:00
733,733,EXP_BANNER_001,B,20/07/2025 17:00
734,734,EXP_BANNER_001,A,19/07/2025 06:00
735,735,EXP_BANNER_001,B,18/07/2025 07:00
736,736,EXP_BANNER_001,A,21/08/2025 05:00
737,737,EXP_BANNER_001,A,17/07/2025 22:00
738,738,EXP_BANNER_001,B,10/08/2025 04:00
739,739,EXP_BANNER_001,B,23/08/2025 04:00
740,740,EXP_BANNER_001,A,11/07/2025 10:00
741,741,EXP_BANNER_001,B,12/08/2025 04:00
742,742,EXP_BANNER_001,A,16/08/2025 03:00
743,743,EXP_BANNER_001,B,18/08/2025 02:00
744,744,EXP_BANNER_001,B,29/07/2025 15:00
745,745,EXP_BANNER_001,B,17/07/2025 14:00
746,746,EXP_BANNER_001,B,12/08/2025 15:00
747,747,EXP_BANNER_001,B,25/07/2025 18:00
748,748,EXP_BANNER_001,B,15/08/2025 07:00
749,749,EXP_BANNER_001,B,15/08/2025 22:00
750,750,EXP_BANNER_001,B,20/08/2025 17:00
751,751,EXP_BANNER_001,A,17/08/2025 19:00
752,752,EXP_BANNER_001,B,18/07/2025 17:00
753,753,EXP_BANNER_001,A,13/07/2025 08:00
754,754,EXP_BANNER_001,B,27/08/2025 06:00
755,755,EXP_BANNER_001,A,22/08/2025 10:00
756,756,EXP_BANNER_001,A,14/07/2025 02:00
757,757,EXP_BANNER_001,B,03/08/2025 10:00
758,758,EXP_BANNER_001,A,01/08/2025 01:00
759,759,EXP_BANNER_001,A,17/07/2025 00:00
760,760,EXP_BANNER_001,B,19/07/2025 22:00
761,761,EXP_BANNER_001,A,10/07/2025 16:00
762,762,EXP_BANNER_001,A,01/07/2025 13:00
763,763,EXP_BANNER_001,A,27/08/2025 08:00
764,764,EXP_BANNER_001,A,13/07/2025 13:00
765,765,EXP_BANNER_001,A,18/07/2025 21:00
766,766,EXP_BANNER_001,A,22/08/2025 15:00
767,767,EXP_BANNER_001,A,09/08/2025 14:00
768,768,EXP_BANNER_001,A,15/08/2025 11:00
769,769,EXP_BANNER_001,A,30/08/2025 08:00
770,770,EXP_BANNER_001,B,01/07/2025 16:00
771,771,EXP_BANNER_001,B,11/08/2025 23:00
772,772,EXP_BANNER_001,A,25/07/2025 10:00
773,773,EXP_BANNER_001,A,04/08/2025 09:00
774,774,EXP_BANNER_001,B,18/08/2025 10:00
775,775,EXP_BANNER_001,B,18/08/2025 10:00
776,776,EXP_BANNER_001,A,14/07/2025 23:00
777,777,EXP_BANNER_001,A,02/08/2025 16:00
778,778,EXP_BANNER_001,A,06/08/2025 08:00
779,779,EXP_BANNER_001,B,30/08/2025 08:00
780,780,EXP_BANNER_001,B,31/08/2025 10:00
781,781,EXP_BANNER_001,B,02/07/2025 00:00
782,782,EXP_BANNER_001,A,30/08/2025 12:00
783,783,EXP_BANNER_001,A,25/07/2025 19:00
784,784,EXP_BANNER_001,A,08/08/2025 15:00
785,785,EXP_BANNER_001,A,12/08/2025 04:00
786,786,EXP_BANNER_001,A,06/07/2025 17:00
787,787,EXP_BANNER_001,B,02/07/2025 17:00
788,788,EXP_BANNER_001,A,09/07/2025 06:00
789,789,EXP_BANNER_001,B,13/08/2025 14:00
790,790,EXP_BANNER_001,A,18/08/2025 14:00
791,791,EXP_BANNER_001,A,03/07/2025 20:00
792,792,EXP_BANNER_001,B,14/07/2025 03:00
793,793,EXP_BANNER_001,B,24/08/2025 04:00
794,794,EXP_BANNER_001,A,03/08/2025 11:00
795,795,EXP_BANNER_001,B,17/08/2025 01:00
796,796,EXP_BANNER_001,A,07/07/2025 09:00
797,797,EXP_BANNER_001,A,30/07/2025 18:00
798,798,EXP_BANNER_001,A,07/08/2025 03:00
799,799,EXP_BANNER_001,A,30/08/2025 11:00
800,800,EXP_BANNER_001,B,29/08/2025 23:00
801,801,EXP_BANNER_001,A,04/07/2025 12:00
802,802,EXP_BANNER_001,B,27/07/2025 11:00
803,803,EXP_BANNER_001,B,20/07/2025 13:00
804,804,EXP_BANNER_001,A,31/07/2025 04:00
805,805,EXP_BANNER_001,A,18/07/2025 03:00
806,806,EXP_BANNER_001,A,22/08/2025 16:00
807,807,EXP_BANNER_001,B,25/07/2025 09:00
808,808,EXP_BANNER_001,B,05/07/2025 06:00
809,809,EXP_BANNER_001,B,27/08/2025 00:00
810,810,EXP_BANNER_001,A,10/07/2025 20:00
811,811,EXP_BANNER_001,A,02/08/2025 00:00
812,812,EXP_BANNER_001,B,31/07/2025 17:00
813,813,EXP_BANNER_001,A,22/07/2025 09:00
814,814,EXP_BANNER_001,B,09/08/2025 14:00
815,815,EXP_BANNER_001,A,25/08/2025 05:00
816,816,EXP_BANNER_001,A,18/07/2025 03:00
817,817,EXP_BANNER_001,B,11/08/2025 12:00
818,818,EXP_BANNER_001,A,22/07/2025 16:00
819,819,EXP_BANNER_001,B,24/07/2025 04:00
820,820,EXP_BANNER_001,A,03/08/2025 10:00
821,821,EXP_BANNER_001,B,26/07/2025 10:00
822,822,EXP_BANNER_001,B,26/08/2025 05:00
823,823,EXP_BANNER_001,B,18/07/2025 13:00
824,824,EXP_BANNER_001,B,03/07/2025 03:00
825,825,EXP_BANNER_001,B,05/08/2025 12:00
826,826,EXP_BANNER_001,B,10/08/2025 02:00
827,827,EXP_BANNER_001,A,22/08/2025 11:00
828,828,EXP_BANNER_001,A,10/07/2025 07:00
829,829,EXP_BANNER_001,B,15/07/2025 10:00
830,830,EXP_BANNER_001,A,30/07/2025 10:00
831,831,EXP_BANNER_001,A,29/07/2025 21:00
832,832,EXP_BANNER_001,B,29/08/2025 11:00
833,833,EXP_BANNER_001,A,29/08/2025 19:00
834,834,EXP_BANNER_001,B,20/08/2025 05:00
835,835,EXP_BANNER_001,B,28/07/2025 08:00
836,836,EXP_BANNER_001,A,06/07/2025 01:00
837,837,EXP_BANNER_001,B,08/08/2025 10:00
838,838,EXP_BANNER_001,A,21/08/2025 16:00
839,839,EXP_BANNER_001,B,06/07/2025 20:00
840,840,EXP_BANNER_001,B,31/07/2025 13:00
841,841,EXP_BANNER_001,A,29/08/2025 15:00
842,842,EXP_BANNER_001,A,02/07/2025 04:00
843,843,EXP_BANNER_001,A,27/07/2025 00:00
844,844,EXP_BANNER_001,A,11/07/2025 19:00
845,845,EXP_BANNER_001,A,09/07/2025 04:00
846,846,EXP_BANNER_001,B,01/08/2025 02:00
847,847,EXP_BANNER_001,A,16/07/2025 22:00
848,848,EXP_BANNER_001,B,09/08/2025 23:00
849,849,EXP_BANNER_001,A,22/07/2025 14:00
850,850,EXP_BANNER_001,B,15/07/2025 09:00
851,851,EXP_BANNER_001,A,11/07/2025 19:00
852,852,EXP_BANNER_001,A,12/07/2025 04:00
853,853,EXP_BANNER_001,B,29/07/2025 10:00
854,854,EXP_BANNER_001,A,20/07/2025 08:00
855,855,EXP_BANNER_001,B,19/07/2025 21:00
856,856,EXP_BANNER_001,A,05/08/2025 22:00
857,857,EXP_BANNER_001,B,31/08/2025 15:00
858,858,EXP_BANNER_001,B,21/08/2025 02:00
859,859,EXP_BANNER_001,B,28/08/2025 11:00
860,860,EXP_BANNER_001,A,14/08/2025 05:00
861,861,EXP_BANNER_001,A,06/07/2025 21:00
862,862,EXP_BANNER_001,A,28/07/2025 03:00
863,863,EXP_BANNER_001,A,10/08/2025 01:00
864,864,EXP_BANNER_001,A,28/07/2025 16:00
865,865,EXP_BANNER_001,B,14/08/2025 10:00
866,866,EXP_BANNER_001,B,23/07/2025 20:00
867,867,EXP_BANNER_001,B,12/07/2025 01:00
868,868,EXP_BANNER_001,A,10/07/2025 19:00
869,869,EXP_BANNER_001,A,30/07/2025 00:00
870,870,EXP_BANNER_001,B,11/07/2025 00:00
871,871,EXP_BANNER_001,A,20/08/2025 11:00
872,872,EXP_BANNER_001,A,05/07/2025 05:00
873,873,EXP_BANNER_001,A,08/08/2025 14:00
874,874,EXP_BANNER_001,B,20/08/2025 00:00
875,875,EXP_BANNER_001,B,05/07/2025 00:00
876,876,EXP_BANNER_001,A,25/07/2025 17:00
877,877,EXP_BANNER_001,A,11/08/2025 05:00
878,878,EXP_BANNER_001,A,10/08/2025 15:00
879,879,EXP_BANNER_001,A,12/07/2025 17:00
880,880,EXP_BANNER_001,B,27/07/2025 01:00
881,881,EXP_BANNER_001,A,25/07/2025 18:00
882,882,EXP_BANNER_001,B,13/08/2025 06:00
883,883,EXP_BANNER_001,A,16/08/2025 09:00
884,884,EXP_BANNER_001,A,29/07/2025 02:00
885,885,EXP_BANNER_001,B,31/08/2025 20:00
886,886,EXP_BANNER_001,A,13/07/2025 13:00
887,887,EXP_BANNER_001,B,18/08/2025 12:00
888,888,EXP_BANNER_001,A,14/07/2025 23:00
889,889,EXP_BANNER_001,B,17/07/2025 08:00
890,890,EXP_BANNER_001,A,24/07/2025 21:00
891,891,EXP_BANNER_001,A,01/08/2025 17:00
892,892,EXP_BANNER_001,B,25/08/2025 22:00
893,893,EXP_BANNER_001,A,23/08/2025 21:00
894,894,EXP_BANNER_001,A,28/08/2025 23:00
895,895,EXP_BANNER_001,B,09/08/2025 03:00
896,896,EXP_BANNER_001,B,08/07/2025 19:00
897,897,EXP_BANNER_001,B,20/07/2025 19:00
898,898,EXP_BANNER_001,B,27/08/2025 15:00
899,899,EXP_BANNER_001,B,17/08/2025 06:00
900,900,EXP_BANNER_001,B,27/07/2025 23:00
901,901,EXP_BANNER_001,B,20/08/2025 04:00
902,902,EXP_BANNER_001,A,28/08/2025 11:00
903,903,EXP_BANNER_001,A,22/08/2025 12:00
904,904,EXP_BANNER_001,B,07/08/2025 03:00
905,905,EXP_BANNER_001,B,21/07/2025 17:00
906,906,EXP_BANNER_001,A,22/08/2025 02:00
907,907,EXP_BANNER_001,A,05/07/2025 16:00
908,908,EXP_BANNER_001,A,28/07/2025 20:00
909,909,EXP_BANNER_001,B,05/07/2025 08:00
910,910,EXP_BANNER_001,B,03/07/2025 17:00
911,911,EXP_BANNER_001,A,23/08/2025 03:00
912,912,EXP_BANNER_001,B,21/07/2025 20:00
913,913,EXP_BANNER_001,B,03/07/2025 22:00
914,914,EXP_BANNER_001,B,24/08/2025 03:00
915,915,EXP_BANNER_001,A,09/07/2025 16:00
916,916,EXP_BANNER_001,B,01/07/2025 12:00
917,917,EXP_BANNER_001,B,05/07/2025 12:00
918,918,EXP_BANNER_001,B,22/07/2025 16:00
919,919,EXP_BANNER_001,A,24/08/2025 11:00
920,920,EXP_BANNER_001,B,09/08/2025 14:00
921,921,EXP_BANNER_001,B,31/08/2025 05:00
922,922,EXP_BANNER_001,A,15/07/2025 09:00
923,923,EXP_BANNER_001,A,15/08/2025 20:00
924,924,EXP_BANNER_001,B,18/07/2025 02:00
925,925,EXP_BANNER_001,B,07/08/2025 14:00
926,926,EXP_BANNER_001,A,24/07/2025 04:00
927,927,EXP_BANNER_001,A,22/08/2025 20:00
928,928,EXP_BANNER_001,A,16/08/2025 13:00
929,929,EXP_BANNER_001,B,17/07/2025 09:00
930,930,EXP_BANNER_001,B,05/07/2025 05:00
931,931,EXP_BANNER_001,A,28/07/2025 10:00
932,932,EXP_BANNER_001,A,05/07/2025 22:00
933,933,EXP_BANNER_001,A,17/07/2025 12:00
934,934,EXP_BANNER_001,A,29/07/2025 11:00
935,935,EXP_BANNER_001,B,22/08/2025 17:00
936,936,EXP_BANNER_001,B,23/08/2025 09:00
937,937,EXP_BANNER_001,A,17/07/2025 10:00
938,938,EXP_BANNER_001,A,04/08/2025 08:00
939,939,EXP_BANNER_001,A,29/07/2025 03:00
940,940,EXP_BANNER_001,B,06/08/2025 17:00
941,941,EXP_BANNER_001,B,02/08/2025 20:00
942,942,EXP_BANNER_001,B,31/08/2025 21:00
943,943,EXP_BANNER_001,A,06/07/2025 21:00
944,944,EXP_BANNER_001,B,21/07/2025 10:00
945,945,EXP_BANNER_001,A,26/07/2025 06:00
946,946,EXP_BANNER_001,B,24/08/2025 15:00
947,947,EXP_BANNER_001,B,29/08/2025 22:00
948,948,EXP_BANNER_001,A,27/07/2025 17:00
949,949,EXP_BANNER_001,B,01/08/2025 11:00
950,950,EXP_BANNER_001,A,15/08/2025 16:00
951,951,EXP_BANNER_001,B,26/08/2025 18:00
952,952,EXP_BANNER_001,A,08/08/2025 22:00
953,953,EXP_BANNER_001,A,07/07/2025 18:00
954,954,EXP_BANNER_001,A,25/07/2025 10:00
955,955,EXP_BANNER_001,A,18/08/2025 06:00
956,956,EXP_BANNER_001,A,24/08/2025 11:00
957,957,EXP_BANNER_001,A,22/07/2025 07:00
958,958,EXP_BANNER_001,B,27/07/2025 22:00
959,959,EXP_BANNER_001,A,07/07/2025 12:00
960,960,EXP_BANNER_001,A,21/08/2025 11:00
961,961,EXP_BANNER_001,B,05/08/2025 08:00
962,962,EXP_BANNER_001,B,09/07/2025 15:00
963,963,EXP_BANNER_001,A,27/08/2025 12:00
964,964,EXP_BANNER_001,A,27/07/2025 03:00
965,965,EXP_BANNER_001,B,28/08/2025 20:00
966,966,EXP_BANNER_001,B,25/08/2025 08:00
967,967,EXP_BANNER_001,A,08/08/2025 10:00
968,968,EXP_BANNER_001,B,15/07/2025 04:00
969,969,EXP_BANNER_001,A,24/07/2025 13:00
970,970,EXP_BANNER_001,A,08/07/2025 16:00
971,971,EXP_BANNER_001,B,29/07/2025 21:00
972,972,EXP_BANNER_001,B,18/07/2025 01:00
973,973,EXP_BANNER_001,B,20/07/2025 23:00
974,974,EXP_BANNER_001,A,20/07/2025 16:00
975,975,EXP_BANNER_001,A,22/08/2025 06:00
976,976,EXP_BANNER_001,A,09/08/2025 04:00
977,977,EXP_BANNER_001,A,23/07/2025 07:00
978,978,EXP_BANNER_001,A,11/08/2025 21:00
979,979,EXP_BANNER_001,B,16/07/2025 06:00
980,980,EXP_BANNER_001,B,20/08/2025 11:00
981,981,EXP_BANNER_001,B,01/08/2025 16:00
982,982,EXP_BANNER_001,A,09/07/2025 20:00
983,983,EXP_BANNER_001,A,23/07/2025 15:00
984,984,EXP_BANNER_001,B,27/07/2025 18:00
985,985,EXP_BANNER_001,A,07/08/2025 04:00
986,986,EXP_BANNER_001,B,12/07/2025 21:00
987,987,EXP_BANNER_001,A,02/08/2025 06:00
988,988,EXP_BANNER_001,B,09/07/2025 03:00
989,989,EXP_BANNER_001,B,27/08/2025 23:00
990,990,EXP_BANNER_001,B,25/07/2025 04:00
991,991,EXP_BANNER_001,B,26/07/2025 03:00
992,992,EXP_BANNER_001,B,04/08/2025 15:00
993,993,EXP_BANNER_001,A,31/08/2025 07:00
994,994,EXP_BANNER_001,B,13/07/2025 03:00
995,995,EXP_BANNER_001,B,24/07/2025 14:00
996,996,EXP_BANNER_001,B,05/07/2025 18:00
997,997,EXP_BANNER_001,A,29/07/2025 19:00
998,998,EXP_BANNER_001,A,29/07/2025 03:00
999,999,EXP_BANNER_001,B,02/07/2025 13:00
1000,1000,EXP_BANNER_001,B,03/08/2025 19:00
1001,1001,EXP_BANNER_001,A,24/08/2025 03:00
1002,1002,EXP_BANNER_001,A,20/07/2025 04:00
1003,1003,EXP_BANNER_001,A,07/07/2025 00:00
1004,1004,EXP_BANNER_001,A,06/07/2025 12:00
1005,1005,EXP_BANNER_001,A,10/07/2025 04:00
1006,1006,EXP_BANNER_001,A,08/07/2025 17:00
1007,1007,EXP_BANNER_001,A,09/08/2025 23:00
1008,1008,EXP_BANNER_001,B,07/07/2025 05:00
1009,1009,EXP_BANNER_001,A,29/07/2025 15:00
1010,1010,EXP_BANNER_001,A,09/07/2025 05:00
1011,1011,EXP_BANNER_001,A,27/07/2025 00:00
1012,1012,EXP_BANNER_001,A,25/07/2025 18:00
1013,1013,EXP_BANNER_001,B,02/08/2025 10:00
1014,1014,EXP_BANNER_001,B,31/07/2025 22:00
1015,1015,EXP_BANNER_001,A,02/08/2025 12:00
1016,1016,EXP_BANNER_001,A,27/08/2025 03:00
1017,1017,EXP_BANNER_001,A,06/07/2025 10:00
1018,1018,EXP_BANNER_001,A,20/07/2025 04:00
1019,1019,EXP_BANNER_001,A,08/07/2025 21:00
1020,1020,EXP_BANNER_001,A,08/08/2025 16:00
1021,1021,EXP_BANNER_001,A,08/07/2025 08:00
1022,1022,EXP_BANNER_001,B,08/08/2025 12:00
1023,1023,EXP_BANNER_001,A,13/08/2025 16:00
1024,1024,EXP_BANNER_001,A,26/07/2025 18:00
1025,1025,EXP_BANNER_001,A,17/07/2025 01:00
1026,1026,EXP_BANNER_001,A,26/08/2025 00:00
1027,1027,EXP_BANNER_001,A,18/07/2025 02:00
1028,1028,EXP_BANNER_001,A,15/07/2025 09:00
1029,1029,EXP_BANNER_001,A,09/07/2025 11:00
1030,1030,EXP_BANNER_001,A,27/08/2025 03:00
1031,1031,EXP_BANNER_001,B,27/08/2025 09:00
1032,1032,EXP_BANNER_001,B,06/08/2025 10:00
1033,1033,EXP_BANNER_001,A,20/07/2025 02:00
1034,1034,EXP_BANNER_001,A,06/08/2025 21:00
1035,1035,EXP_BANNER_001,B,02/08/2025 14:00
1036,1036,EXP_BANNER_001,B,09/08/2025 09:00
1037,1037,EXP_BANNER_001,A,08/07/2025 12:00
1038,1038,EXP_BANNER_001,A,23/08/2025 07:00
1039,1039,EXP_BANNER_001,A,24/08/2025 20:00
1040,1040,EXP_BANNER_001,B,16/07/2025 13:00
1041,1041,EXP_BANNER_001,A,16/08/2025 11:00
1042,1042,EXP_BANNER_001,A,13/08/2025 21:00
1043,1043,EXP_BANNER_001,A,08/08/2025 20:00
1044,1044,EXP_BANNER_001,A,19/08/2025 19:00
1045,1045,EXP_BANNER_001,A,22/08/2025 05:00
1046,1046,EXP_BANNER_001,B,02/07/2025 03:00
1047,1047,EXP_BANNER_001,B,16/07/2025 16:00
1048,1048,EXP_BANNER_001,A,01/08/2025 11:00
1049,1049,EXP_BANNER_001,A,01/07/2025 16:00
1050,1050,EXP_BANNER_001,B,23/07/2025 18:00
1051,1051,EXP_BANNER_001,A,07/07/2025 07:00
1052,1052,EXP_BANNER_001,A,04/07/2025 06:00
1053,1053,EXP_BANNER_001,A,27/08/2025 11:00
1054,1054,EXP_BANNER_001,B,28/07/2025 06:00
1055,1055,EXP_BANNER_001,B,17/07/2025 16:00
1056,1056,EXP_BANNER_001,B,31/08/2025 17:00
1057,1057,EXP_BANNER_001,B,15/08/2025 11:00
1058,1058,EXP_BANNER_001,A,07/07/2025 17:00
1059,1059,EXP_BANNER_001,A,20/08/2025 12:00
1060,1060,EXP_BANNER_001,A,06/07/2025 17:00
1061,1061,EXP_BANNER_001,B,27/08/2025 05:00
1062,1062,EXP_BANNER_001,B,10/07/2025 17:00
1063,1063,EXP_BANNER_001,A,21/07/2025 17:00
1064,1064,EXP_BANNER_001,B,13/08/2025 06:00
1065,1065,EXP_BANNER_001,A,03/07/2025 13:00
1066,1066,EXP_BANNER_001,A,26/07/2025 20:00
1067,1067,EXP_BANNER_001,A,23/07/2025 05:00
1068,1068,EXP_BANNER_001,B,23/08/2025 17:00
1069,1069,EXP_BANNER_001,B,08/08/2025 22:00
1070,1070,EXP_BANNER_001,A,18/08/2025 20:00
1071,1071,EXP_BANNER_001,B,19/08/2025 09:00
1072,1072,EXP_BANNER_001,B,04/07/2025 14:00
1073,1073,EXP_BANNER_001,B,17/08/2025 23:00
1074,1074,EXP_BANNER_001,B,12/08/2025 13:00
1075,1075,EXP_BANNER_001,A,05/08/2025 02:00
1076,1076,EXP_BANNER_001,B,01/07/2025 01:00
1077,1077,EXP_BANNER_001,B,26/08/2025 18:00
1078,1078,EXP_BANNER_001,B,17/07/2025 10:00
1079,1079,EXP_BANNER_001,A,30/07/2025 05:00
1080,1080,EXP_BANNER_001,B,27/07/2025 08:00
1081,1081,EXP_BANNER_001,B,13/08/2025 18:00
1082,1082,EXP_BANNER_001,A,07/07/2025 11:00
1083,1083,EXP_BANNER_001,B,31/08/2025 20:00
1084,1084,EXP_BANNER_001,A,19/08/2025 17:00
1085,1085,EXP_BANNER_001,A,01/07/2025 23:00
1086,1086,EXP_BANNER_001,A,15/08/2025 21:00
1087,1087,EXP_BANNER_001,B,26/08/2025 06:00
1088,1088,EXP_BANNER_001,B,01/07/2025 15:00
1089,1089,EXP_BANNER_001,A,29/07/2025 00:00
1090,1090,EXP_BANNER_001,B,17/07/2025 23:00
1091,1091,EXP_BANNER_001,A,23/07/2025 06:00
1092,1092,EXP_BANNER_001,A,10/08/2025 15:00
1093,1093,EXP_BANNER_001,B,21/07/2025 20:00
1094,1094,EXP_BANNER_001,B,05/08/2025 03:00
1095,1095,EXP_BANNER_001,B,21/07/2025 20:00
1096,1096,EXP_BANNER_001,B,06/07/2025 00:00
1097,1097,EXP_BANNER_001,B,10/08/2025 10:00
1098,1098,EXP_BANNER_001,A,16/07/2025 11:00
1099,1099,EXP_BANNER_001,A,12/07/2025 08:00
1100,1100,EXP_BANNER_001,A,15/07/2025 14:00
1101,1101,EXP_BANNER_001,B,11/08/2025 21:00
1102,1102,EXP_BANNER_001,B,05/07/2025 07:00
1103,1103,EXP_BANNER_001,B,17/07/2025 13:00
1104,1104,EXP_BANNER_001,A,03/08/2025 21:00
1105,1105,EXP_BANNER_001,A,26/08/2025 18:00
1106,1106,EXP_BANNER_001,B,13/07/2025 00:00
1107,1107,EXP_BANNER_001,B,25/08/2025 22:00
1108,1108,EXP_BANNER_001,A,16/07/2025 01:00
1109,1109,EXP_BANNER_001,A,12/08/2025 14:00
1110,1110,EXP_BANNER_001,A,25/08/2025 13:00
1111,1111,EXP_BANNER_001,A,17/08/2025 18:00
1112,1112,EXP_BANNER_001,A,01/07/2025 03:00
1113,1113,EXP_BANNER_001,A,18/08/2025 04:00
1114,1114,EXP_BANNER_001,B,13/07/2025 18:00
1115,1115,EXP_BANNER_001,A,13/07/2025 03:00
1116,1116,EXP_BANNER_001,A,01/07/2025 11:00
1117,1117,EXP_BANNER_001,A,09/08/2025 17:00
1118,1118,EXP_BANNER_001,B,26/08/2025 15:00
1119,1119,EXP_BANNER_001,A,16/08/2025 05:00
1120,1120,EXP_BANNER_001,A,22/07/2025 07:00
1121,1121,EXP_BANNER_001,A,05/07/2025 23:00
1122,1122,EXP_BANNER_001,B,15/07/2025 10:00
1123,1123,EXP_BANNER_001,B,23/07/2025 01:00
1124,1124,EXP_BANNER_001,A,26/08/2025 05:00
1125,1125,EXP_BANNER_001,A,07/07/2025 08:00
1126,1126,EXP_BANNER_001,A,09/07/2025 23:00
1127,1127,EXP_BANNER_001,B,12/07/2025 07:00
1128,1128,EXP_BANNER_001,B,17/07/2025 00:00
1129,1129,EXP_BANNER_001,A,01/07/2025 12:00
1130,1130,EXP_BANNER_001,A,15/07/2025 02:00
1131,1131,EXP_BANNER_001,B,19/07/2025 06:00
1132,1132,EXP_BANNER_001,B,27/07/2025 23:00
1133,1133,EXP_BANNER_001,A,20/07/2025 16:00
1134,1134,EXP_BANNER_001,A,17/08/2025 01:00
1135,1135,EXP_BANNER_001,A,01/08/2025 10:00
1136,1136,EXP_BANNER_001,B,01/08/2025 04:00
1137,1137,EXP_BANNER_001,B,29/07/2025 02:00
1138,1138,EXP_BANNER_001,B,28/08/2025 14:00
1139,1139,EXP_BANNER_001,B,03/07/2025 12:00
1140,1140,EXP_BANNER_001,A,27/08/2025 17:00
1141,1141,EXP_BANNER_001,A,17/07/2025 21:00
1142,1142,EXP_BANNER_001,A,12/07/2025 05:00
1143,1143,EXP_BANNER_001,B,10/07/2025 22:00
1144,1144,EXP_BANNER_001,B,14/08/2025 12:00
1145,1145,EXP_BANNER_001,A,11/08/2025 06:00
1146,1146,EXP_BANNER_001,A,05/07/2025 20:00
1147,1147,EXP_BANNER_001,B,29/08/2025 00:00
1148,1148,EXP_BANNER_001,B,04/07/2025 13:00
1149,1149,EXP_BANNER_001,B,03/07/2025 17:00
1150,1150,EXP_BANNER_001,A,28/08/2025 06:00
1151,1151,EXP_BANNER_001,B,19/07/2025 20:00
1152,1152,EXP_BANNER_001,B,23/07/2025 05:00
1153,1153,EXP_BANNER_001,B,06/07/2025 20:00
1154,1154,EXP_BANNER_001,B,27/08/2025 01:00
1155,1155,EXP_BANNER_001,B,19/08/2025 03:00
1156,1156,EXP_BANNER_001,B,09/07/2025 09:00
1157,1157,EXP_BANNER_001,B,28/07/2025 20:00
1158,1158,EXP_BANNER_001,A,13/08/2025 03:00
1159,1159,EXP_BANNER_001,A,06/08/2025 21:00
1160,1160,EXP_BANNER_001,B,11/08/2025 05:00
1161,1161,EXP_BANNER_001,B,08/07/2025 10:00
1162,1162,EXP_BANNER_001,A,30/07/2025 08:00
1163,1163,EXP_BANNER_001,A,07/07/2025 02:00
1164,1164,EXP_BANNER_001,B,02/08/2025 22:00
1165,1165,EXP_BANNER_001,B,07/08/2025 10:00
1166,1166,EXP_BANNER_001,B,27/08/2025 16:00
1167,1167,EXP_BANNER_001,A,14/08/2025 13:00
1168,1168,EXP_BANNER_001,B,17/08/2025 12:00
1169,1169,EXP_BANNER_001,B,08/08/2025 14:00
1170,1170,EXP_BANNER_001,A,16/08/2025 21:00
1171,1171,EXP_BANNER_001,A,19/07/2025 16:00
1172,1172,EXP_BANNER_001,B,02/07/2025 12:00
1173,1173,EXP_BANNER_001,A,25/08/2025 15:00
1174,1174,EXP_BANNER_001,B,17/07/2025 14:00
1175,1175,EXP_BANNER_001,B,23/07/2025 10:00
1176,1176,EXP_BANNER_001,B,15/07/2025 14:00
1177,1177,EXP_BANNER_001,A,13/07/2025 10:00
1178,1178,EXP_BANNER_001,B,28/08/2025 18:00
1179,1179,EXP_BANNER_001,A,26/07/2025 23:00
1180,1180,EXP_BANNER_001,B,01/07/2025 23:00
1181,1181,EXP_BANNER_001,A,22/07/2025 19:00
1182,1182,EXP_BANNER_001,B,28/08/2025 14:00
1183,1183,EXP_BANNER_001,B,07/08/2025 17:00
1184,1184,EXP_BANNER_001,A,15/07/2025 04:00
1185,1185,EXP_BANNER_001,A,22/07/2025 11:00
1186,1186,EXP_BANNER_001,B,16/08/2025 06:00
1187,1187,EXP_BANNER_001,A,05/08/2025 00:00
1188,1188,EXP_BANNER_001,A,02/07/2025 23:00
1189,1189,EXP_BANNER_001,A,22/08/2025 20:00
1190,1190,EXP_BANNER_001,B,21/07/2025 12:00
1191,1191,EXP_BANNER_001,B,11/08/2025 06:00
1192,1192,EXP_BANNER_001,A,16/08/2025 16:00
1193,1193,EXP_BANNER_001,B,26/07/2025 10:00
1194,1194,EXP_BANNER_001,A,20/07/2025 19:00
1195,1195,EXP_BANNER_001,A,31/08/2025 23:00
1196,1196,EXP_BANNER_001,A,17/08/2025 08:00
1197,1197,EXP_BANNER_001,A,18/08/2025 05:00
1198,1198,EXP_BANNER_001,A,25/08/2025 06:00
1199,1199,EXP_BANNER_001,B,25/07/2025 02:00
1200,1200,EXP_BANNER_001,A,06/07/2025 09:00
