session_id,user_id,session_ts
1,1,02/08/2025 16:00
2,1,02/08/2025 17:00
3,2,17/07/2025 04:00
4,3,08/08/2025 09:00
5,3,08/08/2025 10:00
6,3,08/08/2025 11:00
7,4,15/08/2025 03:00
8,5,08/07/2025 13:00
9,5,08/07/2025 14:00
10,5,08/07/2025 15:00
11,6,25/07/2025 17:00
12,7,01/08/2025 08:00
13,7,01/08/2025 09:00
14,8,10/07/2025 03:00
15,9,16/08/2025 05:00
16,9,16/08/2025 06:00
17,9,16/08/2025 07:00
18,10,01/08/2025 19:00
19,10,01/08/2025 20:00
20,10,01/08/2025 21:00
21,11,25/08/2025 06:00
22,12,07/07/2025 18:00
23,13,12/08/2025 07:00
24,13,12/08/2025 08:00
25,14,06/08/2025 04:00
26,14,06/08/2025 05:00
27,14,06/08/2025 06:00
28,15,13/08/2025 17:00
29,16,19/07/2025 11:00
30,17,21/07/2025 00:00
31,17,21/07/2025 01:00
32,18,08/07/2025 23:00
33,19,29/07/2025 03:00
34,20,03/07/2025 08:00
35,21,30/08/2025 09:00
36,21,30/08/2025 10:00
37,22,31/08/2025 11:00
38,22,31/08/2025 12:00
39,22,31/08/2025 13:00
40,23,17/08/2025 18:00
41,23,17/08/2025 19:00
42,24,02/07/2025 00:00
43,25,27/08/2025 22:00
44,25,27/08/2025 23:00
45,26,09/07/2025 15:00
46,26,09/07/2025 16:00
47,27,27/08/2025 22:00
48,28,19/07/2025 19:00
49,29,10/08/2025 22:00
50,30,10/07/2025 14:00
51,30,10/07/2025 15:00
52,30,10/07/2025 16:00
53,31,02/07/2025 08:00
54,31,02/07/2025 09:00
55,31,02/07/2025 10:00
56,32,01/07/2025 10:00
57,33,20/08/2025 15:00
58,34,20/07/2025 10:00
59,34,20/07/2025 11:00
60,35,23/07/2025 17:00
61,36,17/07/2025 02:00
62,36,17/07/2025 03:00
63,36,17/07/2025 04:00
64,37,01/08/2025 19:00
65,37,01/08/2025 20:00
66,37,01/08/2025 21:00
67,38,30/07/2025 04:00
68,39,03/07/2025 22:00
69,40,17/08/2025 03:00
70,41,05/07/2025 03:00
71,41,05/07/2025 04:00
72,42,24/07/2025 19:00
73,42,24/07/2025 20:00
74,42,24/07/2025 21:00
75,43,10/07/2025 19:00
76,43,10/07/2025 20:00
77,44,01/07/2025 17:00
78,45,18/07/2025 23:00
79,46,30/07/2025 06:00
80,47,16/07/2025 19:00
81,48,25/07/2025 08:00
82,48,25/07/2025 09:00
83,49,15/08/2025 12:00
84,49,15/08/2025 13:00
85,50,11/08/2025 10:00
86,51,04/07/2025 00:00
87,52,03/07/2025 13:00
88,52,03/07/2025 14:00
89,52,03/07/2025 15:00
90,53,01/08/2025 17:00
91,53,01/08/2025 18:00
92,53,01/08/2025 19:00
93,54,25/08/2025 04:00
94,54,25/08/2025 05:00
95,55,29/08/2025 22:00
96,55,29/08/2025 23:00
97,56,08/08/2025 12:00
98,56,08/08/2025 13:00
99,57,11/07/2025 04:00
100,57,11/07/2025 05:00
101,58,02/07/2025 15:00
102,59,27/07/2025 04:00
103,59,27/07/2025 05:00
104,60,09/07/2025 01:00
105,60,09/07/2025 02:00
106,60,09/07/2025 03:00
107,61,09/08/2025 16:00
108,61,09/08/2025 17:00
109,62,09/08/2025 02:00
110,62,09/08/2025 03:00
111,62,09/08/2025 04:00
112,63,03/07/2025 02:00
113,63,03/07/2025 03:00
114,64,16/08/2025 17:00
115,65,19/07/2025 01:00
116,65,19/07/2025 02:00
117,66,20/07/2025 19:00
118,66,20/07/2025 20:00
119,66,20/07/2025 21:00
120,67,09/07/2025 19:00
121,67,09/07/2025 20:00
122,68,29/07/2025 03:00
123,68,29/07/2025 04:00
124,69,27/08/2025 12:00
125,70,11/08/2025 02:00
126,70,11/08/2025 03:00
127,70,11/08/2025 04:00
128,71,24/07/2025 15:00
129,71,24/07/2025 16:00
130,72,10/08/2025 01:00
131,73,07/08/2025 22:00
132,73,07/08/2025 23:00
133,74,18/08/2025 04:00
134,75,26/08/2025 16:00
135,75,26/08/2025 17:00
136,75,26/08/2025 18:00
137,76,04/07/2025 03:00
138,76,04/07/2025 04:00
139,76,04/07/2025 05:00
140,77,27/08/2025 05:00
141,78,06/07/2025 10:00
142,78,06/07/2025 11:00
143,78,06/07/2025 12:00
144,79,02/08/2025 13:00
145,80,10/08/2025 23:00
146,80,11/08/2025 00:00
147,81,17/08/2025 00:00
148,81,17/08/2025 01:00
149,82,06/07/2025 00:00
150,83,25/07/2025 08:00
151,83,25/07/2025 09:00
152,83,25/07/2025 10:00
153,84,27/08/2025 08:00
154,84,27/08/2025 09:00
155,84,27/08/2025 10:00
156,85,02/07/2025 21:00
157,85,02/07/2025 22:00
158,86,17/07/2025 21:00
159,87,18/08/2025 21:00
160,87,18/08/2025 22:00
161,87,18/08/2025 23:00
162,88,20/08/2025 03:00
163,88,20/08/2025 04:00
164,89,08/08/2025 09:00
165,89,08/08/2025 10:00
166,89,08/08/2025 11:00
167,90,08/08/2025 17:00
168,90,08/08/2025 18:00
169,91,01/08/2025 07:00
170,92,26/08/2025 15:00
171,93,24/08/2025 05:00
172,94,21/08/2025 07:00
173,95,29/07/2025 20:00
174,96,22/07/2025 06:00
175,97,26/08/2025 23:00
176,97,27/08/2025 00:00
177,97,27/08/2025 01:00
178,98,20/07/2025 07:00
179,98,20/07/2025 08:00
180,98,20/07/2025 09:00
181,99,15/07/2025 00:00
182,100,04/08/2025 06:00
183,101,22/08/2025 04:00
184,101,22/08/2025 05:00
185,101,22/08/2025 06:00
186,102,09/08/2025 12:00
187,102,09/08/2025 13:00
188,103,07/08/2025 02:00
189,103,07/08/2025 03:00
190,104,29/07/2025 15:00
191,104,29/07/2025 16:00
192,104,29/07/2025 17:00
193,105,22/07/2025 20:00
194,105,22/07/2025 21:00
195,106,02/08/2025 08:00
196,106,02/08/2025 09:00
197,106,02/08/2025 10:00
198,107,02/07/2025 04:00
199,107,02/07/2025 05:00
200,108,30/07/2025 09:00
201,108,30/07/2025 10:00
202,109,24/08/2025 18:00
203,110,10/07/2025 14:00
204,110,10/07/2025 15:00
205,111,29/07/2025 02:00
206,111,29/07/2025 03:00
207,111,29/07/2025 04:00
208,112,11/08/2025 12:00
209,112,11/08/2025 13:00
210,113,06/07/2025 11:00
211,114,15/08/2025 07:00
212,114,15/08/2025 08:00
213,115,23/07/2025 02:00
214,115,23/07/2025 03:00
215,115,23/07/2025 04:00
216,116,13/07/2025 23:00
217,116,14/07/2025 00:00
218,116,14/07/2025 01:00
219,117,08/08/2025 04:00
220,117,08/08/2025 05:00
221,118,30/07/2025 04:00
222,118,30/07/2025 05:00
223,118,30/07/2025 06:00
224,119,28/07/2025 03:00
225,120,08/08/2025 13:00
226,120,08/08/2025 14:00
227,121,09/08/2025 10:00
228,121,09/08/2025 11:00
229,122,18/07/2025 05:00
230,123,14/07/2025 10:00
231,123,14/07/2025 11:00
232,123,14/07/2025 12:00
233,124,28/07/2025 16:00
234,124,28/07/2025 17:00
235,124,28/07/2025 18:00
236,125,04/07/2025 06:00
237,126,22/08/2025 21:00
238,127,27/08/2025 07:00
239,127,27/08/2025 08:00
240,127,27/08/2025 09:00
241,128,09/07/2025 04:00
242,128,09/07/2025 05:00
243,128,09/07/2025 06:00
244,129,09/07/2025 22:00
245,129,09/07/2025 23:00
246,129,10/07/2025 00:00
247,130,24/08/2025 19:00
248,131,15/08/2025 08:00
249,131,15/08/2025 09:00
250,131,15/08/2025 10:00
251,132,30/07/2025 20:00
252,132,30/07/2025 21:00
253,132,30/07/2025 22:00
254,133,20/08/2025 12:00
255,133,20/08/2025 13:00
256,133,20/08/2025 14:00
257,134,21/08/2025 08:00
258,134,21/08/2025 09:00
259,134,21/08/2025 10:00
260,135,26/07/2025 20:00
261,135,26/07/2025 21:00
262,135,26/07/2025 22:00
263,136,24/07/2025 18:00
264,136,24/07/2025 19:00
265,137,29/07/2025 07:00
266,138,14/07/2025 14:00
267,139,30/07/2025 08:00
268,139,30/07/2025 09:00
269,139,30/07/2025 10:00
270,140,16/08/2025 00:00
271,140,16/08/2025 01:00
272,140,16/08/2025 02:00
273,141,06/07/2025 23:00
274,142,11/08/2025 13:00
275,142,11/08/2025 14:00
276,143,01/07/2025 14:00
277,144,27/07/2025 14:00
278,145,03/07/2025 13:00
279,145,03/07/2025 14:00
280,146,05/08/2025 06:00
281,146,05/08/2025 07:00
282,147,04/07/2025 23:00
283,147,05/07/2025 00:00
284,148,13/08/2025 14:00
285,148,13/08/2025 15:00
286,149,17/08/2025 16:00
287,149,17/08/2025 17:00
288,150,09/07/2025 10:00
289,150,09/07/2025 11:00
290,150,09/07/2025 12:00
291,151,25/08/2025 06:00
292,152,30/08/2025 01:00
293,153,21/07/2025 08:00
294,153,21/07/2025 09:00
295,154,08/08/2025 04:00
296,154,08/08/2025 05:00
297,155,15/07/2025 15:00
298,155,15/07/2025 16:00
299,155,15/07/2025 17:00
300,156,18/07/2025 21:00
301,156,18/07/2025 22:00
302,156,18/07/2025 23:00
303,157,23/08/2025 07:00
304,157,23/08/2025 08:00
305,158,04/08/2025 07:00
306,159,22/07/2025 16:00
307,160,19/07/2025 03:00
308,160,19/07/2025 04:00
309,161,17/07/2025 22:00
310,161,17/07/2025 23:00
311,162,17/07/2025 08:00
312,162,17/07/2025 09:00
313,163,08/08/2025 02:00
314,164,17/07/2025 04:00
315,164,17/07/2025 05:00
316,164,17/07/2025 06:00
317,165,27/08/2025 22:00
318,165,27/08/2025 23:00
319,166,16/08/2025 05:00
320,166,16/08/2025 06:00
321,167,08/08/2025 15:00
322,168,23/08/2025 03:00
323,168,23/08/2025 04:00
324,168,23/08/2025 05:00
325,169,15/08/2025 04:00
326,169,15/08/2025 05:00
327,170,05/08/2025 21:00
328,171,04/07/2025 03:00
329,172,20/08/2025 00:00
330,172,20/08/2025 01:00
331,173,12/08/2025 12:00
332,174,22/07/2025 20:00
333,174,22/07/2025 21:00
334,174,22/07/2025 22:00
335,175,22/08/2025 07:00
336,175,22/08/2025 08:00
337,175,22/08/2025 09:00
338,176,01/07/2025 03:00
339,176,01/07/2025 04:00
340,176,01/07/2025 05:00
341,177,07/07/2025 23:00
342,177,08/07/2025 00:00
343,178,07/08/2025 16:00
344,178,07/08/2025 17:00
345,179,15/07/2025 20:00
346,179,15/07/2025 21:00
347,180,14/08/2025 18:00
348,180,14/08/2025 19:00
349,181,30/07/2025 16:00
350,181,30/07/2025 17:00
351,182,03/08/2025 09:00
352,182,03/08/2025 10:00
353,183,06/08/2025 07:00
354,183,06/08/2025 08:00
355,183,06/08/2025 09:00
356,184,29/08/2025 17:00
357,185,15/08/2025 17:00
358,186,28/07/2025 22:00
359,186,28/07/2025 23:00
360,186,29/07/2025 00:00
361,187,13/07/2025 13:00
362,187,13/07/2025 14:00
363,187,13/07/2025 15:00
364,188,05/07/2025 07:00
365,188,05/07/2025 08:00
366,188,05/07/2025 09:00
367,189,05/08/2025 11:00
368,189,05/08/2025 12:00
369,190,28/08/2025 14:00
370,190,28/08/2025 15:00
371,191,26/07/2025 10:00
372,192,07/08/2025 18:00
373,193,18/07/2025 14:00
374,193,18/07/2025 15:00
375,193,18/07/2025 16:00
376,194,05/08/2025 00:00
377,194,05/08/2025 01:00
378,195,26/08/2025 13:00
379,195,26/08/2025 14:00
380,196,16/07/2025 15:00
381,197,12/08/2025 21:00
382,197,12/08/2025 22:00
383,198,03/07/2025 09:00
384,198,03/07/2025 10:00
385,198,03/07/2025 11:00
386,199,12/07/2025 13:00
387,199,12/07/2025 14:00
388,200,01/08/2025 11:00
389,200,01/08/2025 12:00
390,201,30/08/2025 12:00
391,201,30/08/2025 13:00
392,201,30/08/2025 14:00
393,202,26/07/2025 01:00
394,203,18/07/2025 21:00
395,204,29/07/2025 21:00
396,204,29/07/2025 22:00
397,205,03/08/2025 13:00
398,205,03/08/2025 14:00
399,206,27/07/2025 13:00
400,206,27/07/2025 14:00
401,206,27/07/2025 15:00
402,207,05/07/2025 01:00
403,208,30/07/2025 14:00
404,209,04/08/2025 10:00
405,209,04/08/2025 11:00
406,210,19/07/2025 17:00
407,210,19/07/2025 18:00
408,211,07/08/2025 01:00
409,211,07/08/2025 02:00
410,211,07/08/2025 03:00
411,212,29/07/2025 17:00
412,212,29/07/2025 18:00
413,213,18/08/2025 06:00
414,213,18/08/2025 07:00
415,214,27/08/2025 15:00
416,215,28/07/2025 15:00
417,215,28/07/2025 16:00
418,216,24/08/2025 05:00
419,216,24/08/2025 06:00
420,217,10/07/2025 10:00
421,217,10/07/2025 11:00
422,218,06/07/2025 20:00
423,218,06/07/2025 21:00
424,219,30/08/2025 14:00
425,219,30/08/2025 15:00
426,220,30/08/2025 01:00
427,221,09/08/2025 10:00
428,222,18/07/2025 07:00
429,223,03/08/2025 15:00
430,223,03/08/2025 16:00
431,224,11/07/2025 14:00
432,224,11/07/2025 15:00
433,224,11/07/2025 16:00
434,225,27/08/2025 00:00
435,225,27/08/2025 01:00
436,225,27/08/2025 02:00
437,226,24/08/2025 14:00
438,227,22/07/2025 17:00
439,228,08/08/2025 18:00
440,228,08/08/2025 19:00
441,229,06/07/2025 01:00
442,230,09/08/2025 07:00
443,230,09/08/2025 08:00
444,231,15/07/2025 10:00
445,231,15/07/2025 11:00
446,232,14/08/2025 04:00
447,232,14/08/2025 05:00
448,232,14/08/2025 06:00
449,233,30/08/2025 10:00
450,233,30/08/2025 11:00
451,234,10/07/2025 01:00
452,234,10/07/2025 02:00
453,234,10/07/2025 03:00
454,235,23/08/2025 02:00
455,235,23/08/2025 03:00
456,236,26/07/2025 16:00
457,236,26/07/2025 17:00
458,236,26/07/2025 18:00
459,237,01/08/2025 06:00
460,237,01/08/2025 07:00
461,238,07/07/2025 17:00
462,238,07/07/2025 18:00
463,239,31/07/2025 01:00
464,239,31/07/2025 02:00
465,240,12/07/2025 13:00
466,240,12/07/2025 14:00
467,241,11/07/2025 09:00
468,241,11/07/2025 10:00
469,241,11/07/2025 11:00
470,242,08/07/2025 19:00
471,242,08/07/2025 20:00
472,243,09/08/2025 18:00
473,244,04/07/2025 09:00
474,244,04/07/2025 10:00
475,245,17/07/2025 14:00
476,245,17/07/2025 15:00
477,246,20/08/2025 05:00
478,246,20/08/2025 06:00
479,247,17/08/2025 13:00
480,248,21/08/2025 01:00
481,249,31/08/2025 10:00
482,250,18/07/2025 04:00
483,250,18/07/2025 05:00
484,251,31/08/2025 21:00
485,252,09/07/2025 10:00
486,252,09/07/2025 11:00
487,253,15/08/2025 14:00
488,254,12/07/2025 08:00
489,255,23/07/2025 06:00
490,256,29/08/2025 04:00
491,257,13/08/2025 21:00
492,258,19/08/2025 19:00
493,258,19/08/2025 20:00
494,258,19/08/2025 21:00
495,259,10/07/2025 03:00
496,260,18/08/2025 17:00
497,260,18/08/2025 18:00
498,261,15/08/2025 10:00
499,261,15/08/2025 11:00
500,262,02/08/2025 00:00
501,262,02/08/2025 01:00
502,262,02/08/2025 02:00
503,263,19/07/2025 12:00
504,263,19/07/2025 13:00
505,264,08/07/2025 03:00
506,264,08/07/2025 04:00
507,265,03/07/2025 05:00
508,265,03/07/2025 06:00
509,265,03/07/2025 07:00
510,266,31/08/2025 16:00
511,266,31/08/2025 17:00
512,266,31/08/2025 18:00
513,267,28/08/2025 06:00
514,268,07/08/2025 21:00
515,268,07/08/2025 22:00
516,268,07/08/2025 23:00
517,269,22/07/2025 15:00
518,269,22/07/2025 16:00
519,270,12/08/2025 19:00
520,271,30/08/2025 14:00
521,271,30/08/2025 15:00
522,272,06/08/2025 20:00
523,272,06/08/2025 21:00
524,272,06/08/2025 22:00
525,273,12/08/2025 08:00
526,274,09/08/2025 13:00
527,275,15/07/2025 12:00
528,275,15/07/2025 13:00
529,275,15/07/2025 14:00
530,276,08/08/2025 21:00
531,276,08/08/2025 22:00
532,277,05/08/2025 03:00
533,278,31/08/2025 13:00
534,278,31/08/2025 14:00
535,278,31/08/2025 15:00
536,279,18/07/2025 18:00
537,279,18/07/2025 19:00
538,280,24/07/2025 08:00
539,281,22/08/2025 20:00
540,282,02/08/2025 08:00
541,282,02/08/2025 09:00
542,283,23/08/2025 04:00
543,284,16/08/2025 14:00
544,284,16/08/2025 15:00
545,285,22/08/2025 10:00
546,286,21/08/2025 00:00
547,287,17/08/2025 01:00
548,287,17/08/2025 02:00
549,287,17/08/2025 03:00
550,288,09/08/2025 04:00
551,289,29/08/2025 18:00
552,289,29/08/2025 19:00
553,289,29/08/2025 20:00
554,290,07/07/2025 21:00
555,291,16/07/2025 13:00
556,291,16/07/2025 14:00
557,292,06/07/2025 02:00
558,293,15/07/2025 12:00
559,293,15/07/2025 13:00
560,294,03/08/2025 20:00
561,294,03/08/2025 21:00
562,295,11/07/2025 17:00
563,296,01/07/2025 06:00
564,296,01/07/2025 07:00
565,297,11/07/2025 02:00
566,297,11/07/2025 03:00
567,297,11/07/2025 04:00
568,298,06/08/2025 21:00
569,298,06/08/2025 22:00
570,299,11/08/2025 20:00
571,300,06/08/2025 01:00
572,300,06/08/2025 02:00
573,300,06/08/2025 03:00
574,301,22/07/2025 19:00
575,302,03/07/2025 02:00
576,303,21/08/2025 01:00
577,303,21/08/2025 02:00
578,304,29/08/2025 18:00
579,305,11/08/2025 12:00
580,306,06/07/2025 09:00
581,306,06/07/2025 10:00
582,306,06/07/2025 11:00
583,307,20/08/2025 21:00
584,307,20/08/2025 22:00
585,308,28/07/2025 20:00
586,308,28/07/2025 21:00
587,308,28/07/2025 22:00
588,309,18/08/2025 01:00
589,309,18/08/2025 02:00
590,310,08/08/2025 14:00
591,310,08/08/2025 15:00
592,311,03/08/2025 18:00
593,311,03/08/2025 19:00
594,311,03/08/2025 20:00
595,312,25/08/2025 13:00
596,313,20/07/2025 23:00
597,313,21/07/2025 00:00
598,314,29/08/2025 16:00
599,314,29/08/2025 17:00
600,314,29/08/2025 18:00
601,315,09/08/2025 02:00
602,316,25/07/2025 04:00
603,316,25/07/2025 05:00
604,316,25/07/2025 06:00
605,317,01/08/2025 19:00
606,318,14/07/2025 23:00
607,318,15/07/2025 00:00
608,319,09/07/2025 02:00
609,319,09/07/2025 03:00
610,319,09/07/2025 04:00
611,320,30/08/2025 02:00
612,321,15/08/2025 18:00
613,321,15/08/2025 19:00
614,321,15/08/2025 20:00
615,322,21/07/2025 01:00
616,323,20/07/2025 01:00
617,324,11/08/2025 21:00
618,324,11/08/2025 22:00
619,325,31/08/2025 19:00
620,325,31/08/2025 20:00
621,326,18/08/2025 21:00
622,326,18/08/2025 22:00
623,326,18/08/2025 23:00
624,327,17/08/2025 15:00
625,327,17/08/2025 16:00
626,327,17/08/2025 17:00
627,328,31/08/2025 07:00
628,328,31/08/2025 08:00
629,328,31/08/2025 09:00
630,329,26/07/2025 21:00
631,329,26/07/2025 22:00
632,330,20/07/2025 07:00
633,331,10/07/2025 06:00
634,331,10/07/2025 07:00
635,331,10/07/2025 08:00
636,332,06/08/2025 21:00
637,332,06/08/2025 22:00
638,333,09/07/2025 16:00
639,334,17/08/2025 21:00
640,334,17/08/2025 22:00
641,334,17/08/2025 23:00
642,335,16/08/2025 03:00
643,335,16/08/2025 04:00
644,336,31/07/2025 22:00
645,336,31/07/2025 23:00
646,337,26/08/2025 14:00
647,337,26/08/2025 15:00
648,338,29/08/2025 16:00
649,338,29/08/2025 17:00
650,338,29/08/2025 18:00
651,339,05/07/2025 21:00
652,340,11/07/2025 09:00
653,340,11/07/2025 10:00
654,341,15/07/2025 17:00
655,342,02/07/2025 15:00
656,342,02/07/2025 16:00
657,343,23/08/2025 18:00
658,344,20/07/2025 21:00
659,344,20/07/2025 22:00
660,345,23/07/2025 16:00
661,345,23/07/2025 17:00
662,345,23/07/2025 18:00
663,346,01/08/2025 01:00
664,346,01/08/2025 02:00
665,347,01/07/2025 04:00
666,347,01/07/2025 05:00
667,347,01/07/2025 06:00
668,348,27/08/2025 22:00
669,348,27/08/2025 23:00
670,348,28/08/2025 00:00
671,349,26/07/2025 23:00
672,350,04/07/2025 23:00
673,350,05/07/2025 00:00
674,351,15/07/2025 00:00
675,351,15/07/2025 01:00
676,352,16/08/2025 09:00
677,352,16/08/2025 10:00
678,353,19/07/2025 18:00
679,353,19/07/2025 19:00
680,353,19/07/2025 20:00
681,354,21/07/2025 18:00
682,354,21/07/2025 19:00
683,355,13/07/2025 02:00
684,356,21/07/2025 14:00
685,356,21/07/2025 15:00
686,357,14/07/2025 03:00
687,358,16/08/2025 11:00
688,358,16/08/2025 12:00
689,359,27/07/2025 05:00
690,359,27/07/2025 06:00
691,360,02/07/2025 01:00
692,360,02/07/2025 02:00
693,360,02/07/2025 03:00
694,361,12/08/2025 01:00
695,362,16/07/2025 21:00
696,362,16/07/2025 22:00
697,363,22/07/2025 17:00
698,364,22/07/2025 22:00
699,364,22/07/2025 23:00
700,365,20/08/2025 11:00
701,365,20/08/2025 12:00
702,366,12/08/2025 09:00
703,366,12/08/2025 10:00
704,367,28/08/2025 08:00
705,368,21/08/2025 14:00
706,369,09/08/2025 08:00
707,369,09/08/2025 09:00
708,370,21/08/2025 17:00
709,370,21/08/2025 18:00
710,371,20/08/2025 19:00
711,372,10/07/2025 21:00
712,372,10/07/2025 22:00
713,373,22/08/2025 05:00
714,374,30/08/2025 12:00
715,374,30/08/2025 13:00
716,375,20/07/2025 05:00
717,375,20/07/2025 06:00
718,376,23/07/2025 00:00
719,376,23/07/2025 01:00
720,376,23/07/2025 02:00
721,377,12/08/2025 16:00
722,377,12/08/2025 17:00
723,377,12/08/2025 18:00
724,378,11/08/2025 13:00
725,378,11/08/2025 14:00
726,378,11/08/2025 15:00
727,379,23/07/2025 17:00
728,380,24/08/2025 02:00
729,380,24/08/2025 03:00
730,380,24/08/2025 04:00
731,381,24/07/2025 23:00
732,381,25/07/2025 00:00
733,382,23/08/2025 23:00
734,382,24/08/2025 00:00
735,383,12/07/2025 11:00
736,383,12/07/2025 12:00
737,383,12/07/2025 13:00
738,384,09/07/2025 20:00
739,385,02/08/2025 05:00
740,386,06/07/2025 17:00
741,386,06/07/2025 18:00
742,386,06/07/2025 19:00
743,387,20/08/2025 21:00
744,387,20/08/2025 22:00
745,388,30/08/2025 19:00
746,388,30/08/2025 20:00
747,389,18/08/2025 19:00
748,390,31/08/2025 11:00
749,390,31/08/2025 12:00
750,391,17/08/2025 19:00
751,392,08/07/2025 16:00
752,392,08/07/2025 17:00
753,393,22/07/2025 03:00
754,393,22/07/2025 04:00
755,394,11/07/2025 02:00
756,394,11/07/2025 03:00
757,394,11/07/2025 04:00
758,395,25/08/2025 18:00
759,395,25/08/2025 19:00
760,395,25/08/2025 20:00
761,396,07/07/2025 15:00
762,397,10/08/2025 12:00
763,398,07/08/2025 21:00
764,398,07/08/2025 22:00
765,399,02/08/2025 15:00
766,399,02/08/2025 16:00
767,399,02/08/2025 17:00
768,400,05/08/2025 09:00
769,401,25/08/2025 09:00
770,401,25/08/2025 10:00
771,402,19/08/2025 14:00
772,402,19/08/2025 15:00
773,403,12/08/2025 18:00
774,404,15/08/2025 13:00
775,404,15/08/2025 14:00
776,405,08/08/2025 12:00
777,406,22/07/2025 17:00
778,406,22/07/2025 18:00
779,407,24/08/2025 16:00
780,407,24/08/2025 17:00
781,407,24/08/2025 18:00
782,408,17/08/2025 19:00
783,408,17/08/2025 20:00
784,409,23/07/2025 01:00
785,410,21/07/2025 18:00
786,410,21/07/2025 19:00
787,410,21/07/2025 20:00
788,411,20/08/2025 12:00
789,412,18/08/2025 01:00
790,412,18/08/2025 02:00
791,412,18/08/2025 03:00
792,413,09/08/2025 16:00
793,413,09/08/2025 17:00
794,413,09/08/2025 18:00
795,414,01/08/2025 17:00
796,414,01/08/2025 18:00
797,415,31/07/2025 12:00
798,416,07/08/2025 19:00
799,416,07/08/2025 20:00
800,416,07/08/2025 21:00
801,417,16/07/2025 07:00
802,417,16/07/2025 08:00
803,417,16/07/2025 09:00
804,418,26/07/2025 04:00
805,418,26/07/2025 05:00
806,419,21/07/2025 08:00
807,419,21/07/2025 09:00
808,419,21/07/2025 10:00
809,420,20/07/2025 09:00
810,420,20/07/2025 10:00
811,420,20/07/2025 11:00
812,421,01/08/2025 16:00
813,421,01/08/2025 17:00
814,421,01/08/2025 18:00
815,422,19/07/2025 20:00
816,423,30/07/2025 17:00
817,423,30/07/2025 18:00
818,424,08/07/2025 04:00
819,425,29/07/2025 08:00
820,426,31/07/2025 03:00
821,426,31/07/2025 04:00
822,427,30/07/2025 16:00
823,428,15/08/2025 05:00
824,429,22/07/2025 12:00
825,429,22/07/2025 13:00
826,429,22/07/2025 14:00
827,430,02/08/2025 19:00
828,430,02/08/2025 20:00
829,431,25/07/2025 16:00
830,431,25/07/2025 17:00
831,432,24/08/2025 07:00
832,433,21/08/2025 07:00
833,433,21/08/2025 08:00
834,433,21/08/2025 09:00
835,434,21/07/2025 15:00
836,434,21/07/2025 16:00
837,435,08/08/2025 13:00
838,435,08/08/2025 14:00
839,436,15/07/2025 02:00
840,437,26/08/2025 20:00
841,438,24/08/2025 12:00
842,439,24/08/2025 11:00
843,440,05/07/2025 04:00
844,440,05/07/2025 05:00
845,440,05/07/2025 06:00
846,441,17/07/2025 09:00
847,441,17/07/2025 10:00
848,442,28/08/2025 07:00
849,442,28/08/2025 08:00
850,443,07/08/2025 06:00
851,443,07/08/2025 07:00
852,443,07/08/2025 08:00
853,444,09/08/2025 13:00
854,444,09/08/2025 14:00
855,444,09/08/2025 15:00
856,445,10/07/2025 11:00
857,446,07/07/2025 21:00
858,446,07/07/2025 22:00
859,447,13/08/2025 22:00
860,447,13/08/2025 23:00
861,448,24/08/2025 05:00
862,449,13/08/2025 02:00
863,449,13/08/2025 03:00
864,449,13/08/2025 04:00
865,450,29/08/2025 18:00
866,450,29/08/2025 19:00
867,451,12/08/2025 23:00
868,451,13/08/2025 00:00
869,452,22/08/2025 20:00
870,452,22/08/2025 21:00
871,453,07/07/2025 00:00
872,453,07/07/2025 01:00
873,453,07/07/2025 02:00
874,454,29/08/2025 06:00
875,455,27/07/2025 01:00
876,455,27/07/2025 02:00
877,456,08/08/2025 19:00
878,456,08/08/2025 20:00
879,456,08/08/2025 21:00
880,457,22/08/2025 13:00
881,457,22/08/2025 14:00
882,457,22/08/2025 15:00
883,458,11/08/2025 12:00
884,458,11/08/2025 13:00
885,459,28/07/2025 13:00
886,460,28/08/2025 06:00
887,460,28/08/2025 07:00
888,460,28/08/2025 08:00
889,461,30/07/2025 14:00
890,461,30/07/2025 15:00
891,461,30/07/2025 16:00
892,462,05/08/2025 00:00
893,462,05/08/2025 01:00
894,463,18/07/2025 15:00
895,463,18/07/2025 16:00
896,464,13/08/2025 17:00
897,464,13/08/2025 18:00
898,465,31/08/2025 16:00
899,466,05/08/2025 07:00
900,467,23/07/2025 19:00
901,467,23/07/2025 20:00
902,467,23/07/2025 21:00
903,468,30/07/2025 17:00
904,468,30/07/2025 18:00
905,468,30/07/2025 19:00
906,469,08/07/2025 03:00
907,470,14/07/2025 04:00
908,470,14/07/2025 05:00
909,471,07/08/2025 15:00
910,471,07/08/2025 16:00
911,471,07/08/2025 17:00
912,472,04/08/2025 06:00
913,473,05/08/2025 02:00
914,474,30/07/2025 03:00
915,475,05/07/2025 03:00
916,476,07/07/2025 11:00
917,476,07/07/2025 12:00
918,477,03/08/2025 14:00
919,477,03/08/2025 15:00
920,478,28/07/2025 04:00
921,478,28/07/2025 05:00
922,478,28/07/2025 06:00
923,479,02/07/2025 17:00
924,479,02/07/2025 18:00
925,479,02/07/2025 19:00
926,480,30/08/2025 06:00
927,480,30/08/2025 07:00
928,480,30/08/2025 08:00
929,481,13/07/2025 07:00
930,481,13/07/2025 08:00
931,481,13/07/2025 09:00
932,482,14/07/2025 05:00
933,482,14/07/2025 06:00
934,482,14/07/2025 07:00
935,483,31/07/2025 18:00
936,483,31/07/2025 19:00
937,484,14/08/2025 23:00
938,484,15/08/2025 00:00
939,484,15/08/2025 01:00
940,485,23/07/2025 11:00
941,486,24/07/2025 01:00
942,486,24/07/2025 02:00
943,486,24/07/2025 03:00
944,487,25/07/2025 06:00
945,488,30/07/2025 03:00
946,488,30/07/2025 04:00
947,489,15/08/2025 20:00
948,490,29/08/2025 02:00
949,490,29/08/2025 03:00
950,491,08/07/2025 23:00
951,491,09/07/2025 00:00
952,491,09/07/2025 01:00
953,492,22/08/2025 14:00
954,493,20/07/2025 12:00
955,493,20/07/2025 13:00
956,494,03/08/2025 20:00
957,495,02/08/2025 00:00
958,496,13/08/2025 18:00
959,496,13/08/2025 19:00
960,497,19/07/2025 02:00
961,497,19/07/2025 03:00
962,498,09/07/2025 20:00
963,499,28/07/2025 12:00
964,499,28/07/2025 13:00
965,500,29/08/2025 01:00
966,500,29/08/2025 02:00
967,500,29/08/2025 03:00
968,501,13/07/2025 19:00
969,501,13/07/2025 20:00
970,502,03/08/2025 00:00
971,502,03/08/2025 01:00
972,502,03/08/2025 02:00
973,503,13/08/2025 03:00
974,503,13/08/2025 04:00
975,503,13/08/2025 05:00
976,504,18/08/2025 19:00
977,504,18/08/2025 20:00
978,505,21/08/2025 11:00
979,505,21/08/2025 12:00
980,506,17/07/2025 21:00
981,506,17/07/2025 22:00
982,506,17/07/2025 23:00
983,507,04/08/2025 15:00
984,507,04/08/2025 16:00
985,508,09/07/2025 14:00
986,508,09/07/2025 15:00
987,509,05/08/2025 07:00
988,510,17/08/2025 03:00
989,511,14/08/2025 23:00
990,512,05/08/2025 02:00
991,512,05/08/2025 03:00
992,513,04/08/2025 12:00
993,513,04/08/2025 13:00
994,513,04/08/2025 14:00
995,514,04/08/2025 06:00
996,515,08/08/2025 06:00
997,516,04/08/2025 14:00
998,517,10/08/2025 19:00
999,517,10/08/2025 20:00
1000,518,24/08/2025 18:00
1001,519,19/08/2025 20:00
1002,520,16/07/2025 07:00
1003,521,03/08/2025 11:00
1004,522,13/08/2025 00:00
1005,523,09/07/2025 17:00
1006,523,09/07/2025 18:00
1007,523,09/07/2025 19:00
1008,524,20/08/2025 07:00
1009,524,20/08/2025 08:00
1010,524,20/08/2025 09:00
1011,525,20/07/2025 13:00
1012,525,20/07/2025 14:00
1013,526,30/07/2025 04:00
1014,527,01/08/2025 19:00
1015,528,15/08/2025 19:00
1016,529,09/08/2025 21:00
1017,529,09/08/2025 22:00
1018,530,16/07/2025 01:00
1019,530,16/07/2025 02:00
1020,531,08/07/2025 23:00
1021,532,09/08/2025 05:00
1022,532,09/08/2025 06:00
1023,533,22/08/2025 07:00
1024,534,07/08/2025 05:00
1025,534,07/08/2025 06:00
1026,535,06/07/2025 06:00
1027,535,06/07/2025 07:00
1028,535,06/07/2025 08:00
1029,536,15/07/2025 13:00
1030,537,02/07/2025 05:00
1031,537,02/07/2025 06:00
1032,538,05/08/2025 09:00
1033,538,05/08/2025 10:00
1034,539,09/08/2025 15:00
1035,539,09/08/2025 16:00
1036,539,09/08/2025 17:00
1037,540,29/08/2025 20:00
1038,540,29/08/2025 21:00
1039,541,15/07/2025 16:00
1040,541,15/07/2025 17:00
1041,542,08/08/2025 14:00
1042,542,08/08/2025 15:00
1043,542,08/08/2025 16:00
1044,543,19/08/2025 03:00
1045,543,19/08/2025 04:00
1046,544,24/07/2025 19:00
1047,544,24/07/2025 20:00
1048,545,25/08/2025 00:00
1049,546,30/07/2025 06:00
1050,546,30/07/2025 07:00
1051,547,11/07/2025 01:00
1052,548,03/08/2025 16:00
1053,548,03/08/2025 17:00
1054,549,02/08/2025 08:00
1055,550,17/08/2025 15:00
1056,551,26/08/2025 08:00
1057,551,26/08/2025 09:00
1058,552,15/07/2025 10:00
1059,552,15/07/2025 11:00
1060,553,01/08/2025 10:00
1061,553,01/08/2025 11:00
1062,553,01/08/2025 12:00
1063,554,21/08/2025 01:00
1064,555,02/08/2025 10:00
1065,555,02/08/2025 11:00
1066,555,02/08/2025 12:00
1067,556,14/07/2025 15:00
1068,557,19/08/2025 13:00
1069,557,19/08/2025 14:00
1070,557,19/08/2025 15:00
1071,558,06/07/2025 01:00
1072,558,06/07/2025 02:00
1073,558,06/07/2025 03:00
1074,559,27/07/2025 16:00
1075,559,27/07/2025 17:00
1076,559,27/07/2025 18:00
1077,560,20/07/2025 07:00
1078,561,23/08/2025 00:00
1079,561,23/08/2025 01:00
1080,561,23/08/2025 02:00
1081,562,05/07/2025 03:00
1082,563,30/08/2025 11:00
1083,563,30/08/2025 12:00
1084,563,30/08/2025 13:00
1085,564,10/07/2025 07:00
1086,564,10/07/2025 08:00
1087,565,30/08/2025 16:00
1088,565,30/08/2025 17:00
1089,566,14/07/2025 05:00
1090,566,14/07/2025 06:00
1091,567,05/07/2025 18:00
1092,568,09/07/2025 06:00
1093,568,09/07/2025 07:00
1094,568,09/07/2025 08:00
1095,569,22/07/2025 14:00
1096,569,22/07/2025 15:00
1097,569,22/07/2025 16:00
1098,570,07/08/2025 19:00
1099,570,07/08/2025 20:00
1100,570,07/08/2025 21:00
1101,571,19/07/2025 09:00
1102,571,19/07/2025 10:00
1103,571,19/07/2025 11:00
1104,572,25/07/2025 01:00
1105,572,25/07/2025 02:00
1106,572,25/07/2025 03:00
1107,573,15/08/2025 12:00
1108,573,15/08/2025 13:00
1109,573,15/08/2025 14:00
1110,574,30/07/2025 23:00
1111,574,31/07/2025 00:00
1112,575,12/07/2025 23:00
1113,575,13/07/2025 00:00
1114,575,13/07/2025 01:00
1115,576,12/08/2025 05:00
1116,577,12/08/2025 18:00
1117,577,12/08/2025 19:00
1118,577,12/08/2025 20:00
1119,578,23/07/2025 08:00
1120,578,23/07/2025 09:00
1121,579,21/08/2025 03:00
1122,579,21/08/2025 04:00
1123,580,01/07/2025 15:00
1124,580,01/07/2025 16:00
1125,581,26/08/2025 12:00
1126,582,09/07/2025 12:00
1127,582,09/07/2025 13:00
1128,583,16/07/2025 19:00
1129,583,16/07/2025 20:00
1130,584,07/08/2025 08:00
1131,585,08/08/2025 16:00
1132,585,08/08/2025 17:00
1133,585,08/08/2025 18:00
1134,586,12/08/2025 08:00
1135,587,05/08/2025 01:00
1136,587,05/08/2025 02:00
1137,587,05/08/2025 03:00
1138,588,26/07/2025 09:00
1139,589,03/08/2025 22:00
1140,590,29/08/2025 11:00
1141,591,10/08/2025 02:00
1142,592,30/07/2025 16:00
1143,593,12/08/2025 23:00
1144,593,13/08/2025 00:00
1145,593,13/08/2025 01:00
1146,594,29/07/2025 21:00
1147,594,29/07/2025 22:00
1148,594,29/07/2025 23:00
1149,595,30/08/2025 13:00
1150,595,30/08/2025 14:00
1151,596,06/07/2025 09:00
1152,597,17/08/2025 13:00
1153,597,17/08/2025 14:00
1154,597,17/08/2025 15:00
1155,598,28/08/2025 19:00
1156,598,28/08/2025 20:00
1157,599,04/07/2025 20:00
1158,599,04/07/2025 21:00
1159,600,23/07/2025 19:00
1160,600,23/07/2025 20:00
1161,600,23/07/2025 21:00
1162,601,01/08/2025 10:00
1163,601,01/08/2025 11:00
1164,602,05/07/2025 02:00
1165,602,05/07/2025 03:00
1166,603,06/08/2025 13:00
1167,603,06/08/2025 14:00
1168,603,06/08/2025 15:00
1169,604,04/08/2025 03:00
1170,604,04/08/2025 04:00
1171,605,01/08/2025 01:00
1172,605,01/08/2025 02:00
1173,605,01/08/2025 03:00
1174,606,09/07/2025 11:00
1175,606,09/07/2025 12:00
1176,606,09/07/2025 13:00
1177,607,08/08/2025 15:00
1178,607,08/08/2025 16:00
1179,607,08/08/2025 17:00
1180,608,30/08/2025 20:00
1181,609,24/07/2025 18:00
1182,610,06/07/2025 20:00
1183,610,06/07/2025 21:00
1184,611,24/07/2025 18:00
1185,611,24/07/2025 19:00
1186,612,30/08/2025 16:00
1187,612,30/08/2025 17:00
1188,612,30/08/2025 18:00
1189,613,27/08/2025 00:00
1190,614,11/07/2025 15:00
1191,614,11/07/2025 16:00
1192,614,11/07/2025 17:00
1193,615,03/08/2025 02:00
1194,615,03/08/2025 03:00
1195,615,03/08/2025 04:00
1196,616,14/08/2025 01:00
1197,616,14/08/2025 02:00
1198,616,14/08/2025 03:00
1199,617,31/08/2025 03:00
1200,617,31/08/2025 04:00
1201,617,31/08/2025 05:00
1202,618,28/07/2025 19:00
1203,618,28/07/2025 20:00
1204,618,28/07/2025 21:00
1205,619,01/08/2025 17:00
1206,619,01/08/2025 18:00
1207,620,13/08/2025 22:00
1208,620,13/08/2025 23:00
1209,621,29/07/2025 23:00
1210,621,30/07/2025 00:00
1211,622,02/08/2025 21:00
1212,622,02/08/2025 22:00
1213,622,02/08/2025 23:00
1214,623,15/08/2025 03:00
1215,624,09/08/2025 21:00
1216,624,09/08/2025 22:00
1217,625,08/07/2025 20:00
1218,625,08/07/2025 21:00
1219,626,07/07/2025 20:00
1220,626,07/07/2025 21:00
1221,627,18/08/2025 03:00
1222,627,18/08/2025 04:00
1223,628,15/08/2025 02:00
1224,628,15/08/2025 03:00
1225,628,15/08/2025 04:00
1226,629,05/08/2025 22:00
1227,630,13/07/2025 04:00
1228,630,13/07/2025 05:00
1229,630,13/07/2025 06:00
1230,631,27/07/2025 08:00
1231,631,27/07/2025 09:00
1232,631,27/07/2025 10:00
1233,632,04/07/2025 10:00
1234,632,04/07/2025 11:00
1235,632,04/07/2025 12:00
1236,633,17/07/2025 02:00
1237,633,17/07/2025 03:00
1238,633,17/07/2025 04:00
1239,634,18/07/2025 00:00
1240,634,18/07/2025 01:00
1241,635,26/08/2025 23:00
1242,636,23/07/2025 21:00
1243,636,23/07/2025 22:00
1244,637,29/07/2025 21:00
1245,638,11/07/2025 06:00
1246,639,15/08/2025 05:00
1247,639,15/08/2025 06:00
1248,639,15/08/2025 07:00
1249,640,21/08/2025 10:00
1250,640,21/08/2025 11:00
1251,641,26/07/2025 10:00
1252,641,26/07/2025 11:00
1253,642,19/08/2025 00:00
1254,642,19/08/2025 01:00
1255,642,19/08/2025 02:00
1256,643,16/08/2025 18:00
1257,644,20/08/2025 23:00
1258,644,21/08/2025 00:00
1259,644,21/08/2025 01:00
1260,645,18/08/2025 12:00
1261,645,18/08/2025 13:00
1262,646,29/07/2025 09:00
1263,646,29/07/2025 10:00
1264,647,21/08/2025 09:00
1265,647,21/08/2025 10:00
1266,648,05/08/2025 02:00
1267,648,05/08/2025 03:00
1268,649,20/07/2025 06:00
1269,649,20/07/2025 07:00
1270,650,27/07/2025 12:00
1271,650,27/07/2025 13:00
1272,651,14/08/2025 10:00
1273,652,10/07/2025 13:00
1274,653,04/07/2025 20:00
1275,653,04/07/2025 21:00
1276,654,17/08/2025 05:00
1277,655,17/07/2025 00:00
1278,655,17/07/2025 01:00
1279,656,23/07/2025 00:00
1280,656,23/07/2025 01:00
1281,656,23/07/2025 02:00
1282,657,28/08/2025 03:00
1283,658,10/08/2025 13:00
1284,659,15/07/2025 19:00
1285,660,07/07/2025 21:00
1286,660,07/07/2025 22:00
1287,660,07/07/2025 23:00
1288,661,15/08/2025 15:00
1289,661,15/08/2025 16:00
1290,661,15/08/2025 17:00
1291,662,24/08/2025 09:00
1292,663,18/07/2025 03:00
1293,663,18/07/2025 04:00
1294,664,27/08/2025 09:00
1295,664,27/08/2025 10:00
1296,664,27/08/2025 11:00
1297,665,21/08/2025 07:00
1298,665,21/08/2025 08:00
1299,665,21/08/2025 09:00
1300,666,29/08/2025 20:00
1301,666,29/08/2025 21:00
1302,667,20/07/2025 11:00
1303,668,19/08/2025 05:00
1304,668,19/08/2025 06:00
1305,668,19/08/2025 07:00
1306,669,02/07/2025 06:00
1307,669,02/07/2025 07:00
1308,669,02/07/2025 08:00
1309,670,06/08/2025 03:00
1310,670,06/08/2025 04:00
1311,671,21/07/2025 22:00
1312,672,05/07/2025 01:00
1313,672,05/07/2025 02:00
1314,672,05/07/2025 03:00
1315,673,27/07/2025 00:00
1316,674,02/07/2025 04:00
1317,674,02/07/2025 05:00
1318,674,02/07/2025 06:00
1319,675,07/07/2025 19:00
1320,675,07/07/2025 20:00
1321,675,07/07/2025 21:00
1322,676,08/07/2025 12:00
1323,676,08/07/2025 13:00
1324,677,13/08/2025 15:00
1325,677,13/08/2025 16:00
1326,678,10/08/2025 08:00
1327,679,25/08/2025 01:00
1328,679,25/08/2025 02:00
1329,679,25/08/2025 03:00
1330,680,07/07/2025 20:00
1331,681,05/07/2025 04:00
1332,682,11/07/2025 00:00
1333,682,11/07/2025 01:00
1334,682,11/07/2025 02:00
1335,683,08/07/2025 13:00
1336,683,08/07/2025 14:00
1337,683,08/07/2025 15:00
1338,684,10/08/2025 01:00
1339,684,10/08/2025 02:00
1340,685,28/08/2025 02:00
1341,685,28/08/2025 03:00
1342,686,12/08/2025 19:00
1343,686,12/08/2025 20:00
1344,687,02/08/2025 11:00
1345,688,07/07/2025 05:00
1346,688,07/07/2025 06:00
1347,689,22/08/2025 08:00
1348,689,22/08/2025 09:00
1349,689,22/08/2025 10:00
1350,690,03/07/2025 17:00
1351,690,03/07/2025 18:00
1352,691,12/08/2025 01:00
1353,691,12/08/2025 02:00
1354,691,12/08/2025 03:00
1355,692,04/07/2025 02:00
1356,692,04/07/2025 03:00
1357,692,04/07/2025 04:00
1358,693,04/07/2025 14:00
1359,693,04/07/2025 15:00
1360,693,04/07/2025 16:00
1361,694,09/07/2025 14:00
1362,694,09/07/2025 15:00
1363,694,09/07/2025 16:00
1364,695,11/07/2025 23:00
1365,695,12/07/2025 00:00
1366,695,12/07/2025 01:00
1367,696,15/08/2025 08:00
1368,696,15/08/2025 09:00
1369,696,15/08/2025 10:00
1370,697,27/07/2025 01:00
1371,697,27/07/2025 02:00
1372,697,27/07/2025 03:00
1373,698,04/07/2025 12:00
1374,698,04/07/2025 13:00
1375,698,04/07/2025 14:00
1376,699,02/07/2025 15:00
1377,699,02/07/2025 16:00
1378,699,02/07/2025 17:00
1379,700,24/07/2025 03:00
1380,700,24/07/2025 04:00
1381,700,24/07/2025 05:00
1382,701,03/08/2025 13:00
1383,701,03/08/2025 14:00
1384,701,03/08/2025 15:00
1385,702,16/08/2025 04:00
1386,702,16/08/2025 05:00
1387,703,03/08/2025 20:00
1388,703,03/08/2025 21:00
1389,703,03/08/2025 22:00
1390,704,17/07/2025 20:00
1391,704,17/07/2025 21:00
1392,704,17/07/2025 22:00
1393,705,14/08/2025 10:00
1394,705,14/08/2025 11:00
1395,706,24/08/2025 23:00
1396,707,15/07/2025 23:00
1397,707,16/07/2025 00:00
1398,707,16/07/2025 01:00
1399,708,01/07/2025 03:00
1400,708,01/07/2025 04:00
1401,709,03/07/2025 08:00
1402,709,03/07/2025 09:00
1403,710,28/08/2025 14:00
1404,710,28/08/2025 15:00
1405,710,28/08/2025 16:00
1406,711,08/08/2025 02:00
1407,712,01/08/2025 09:00
1408,712,01/08/2025 10:00
1409,713,30/07/2025 06:00
1410,714,13/07/2025 22:00
1411,715,04/08/2025 09:00
1412,715,04/08/2025 10:00
1413,715,04/08/2025 11:00
1414,716,05/07/2025 18:00
1415,716,05/07/2025 19:00
1416,717,30/07/2025 09:00
1417,718,11/08/2025 03:00
1418,718,11/08/2025 04:00
1419,719,03/08/2025 20:00
1420,720,29/07/2025 00:00
1421,720,29/07/2025 01:00
1422,720,29/07/2025 02:00
1423,721,15/07/2025 01:00
1424,722,01/08/2025 08:00
1425,722,01/08/2025 09:00
1426,723,09/07/2025 16:00
1427,723,09/07/2025 17:00
1428,724,11/07/2025 08:00
1429,725,31/08/2025 01:00
1430,725,31/08/2025 02:00
1431,725,31/08/2025 03:00
1432,726,16/07/2025 07:00
1433,726,16/07/2025 08:00
1434,727,01/08/2025 05:00
1435,727,01/08/2025 06:00
1436,728,30/08/2025 00:00
1437,728,30/08/2025 01:00
1438,729,28/08/2025 12:00
1439,729,28/08/2025 13:00
1440,729,28/08/2025 14:00
1441,730,03/07/2025 02:00
1442,731,07/07/2025 06:00
1443,731,07/07/2025 07:00
1444,731,07/07/2025 08:00
1445,732,21/07/2025 15:00
1446,732,21/07/2025 16:00
1447,733,20/07/2025 17:00
1448,734,19/07/2025 06:00
1449,734,19/07/2025 07:00
1450,735,18/07/2025 07:00
1451,735,18/07/2025 08:00
1452,735,18/07/2025 09:00
1453,736,21/08/2025 05:00
1454,737,17/07/2025 22:00
1455,737,17/07/2025 23:00
1456,738,10/08/2025 04:00
1457,738,10/08/2025 05:00
1458,739,23/08/2025 04:00
1459,739,23/08/2025 05:00
1460,739,23/08/2025 06:00
1461,740,11/07/2025 10:00
1462,740,11/07/2025 11:00
1463,741,12/08/2025 04:00
1464,741,12/08/2025 05:00
1465,741,12/08/2025 06:00
1466,742,16/08/2025 03:00
1467,742,16/08/2025 04:00
1468,742,16/08/2025 05:00
1469,743,18/08/2025 02:00
1470,743,18/08/2025 03:00
1471,743,18/08/2025 04:00
1472,744,29/07/2025 15:00
1473,744,29/07/2025 16:00
1474,745,17/07/2025 14:00
1475,745,17/07/2025 15:00
1476,745,17/07/2025 16:00
1477,746,12/08/2025 15:00
1478,747,25/07/2025 18:00
1479,747,25/07/2025 19:00
1480,747,25/07/2025 20:00
1481,748,15/08/2025 07:00
1482,748,15/08/2025 08:00
1483,748,15/08/2025 09:00
1484,749,15/08/2025 22:00
1485,750,20/08/2025 17:00
1486,750,20/08/2025 18:00
1487,751,17/08/2025 19:00
1488,751,17/08/2025 20:00
1489,751,17/08/2025 21:00
1490,752,18/07/2025 17:00
1491,753,13/07/2025 08:00
1492,753,13/07/2025 09:00
1493,753,13/07/2025 10:00
1494,754,27/08/2025 06:00
1495,754,27/08/2025 07:00
1496,754,27/08/2025 08:00
1497,755,22/08/2025 10:00
1498,755,22/08/2025 11:00
1499,755,22/08/2025 12:00
1500,756,14/07/2025 02:00
1501,757,03/08/2025 10:00
1502,757,03/08/2025 11:00
1503,757,03/08/2025 12:00
1504,758,01/08/2025 01:00
1505,758,01/08/2025 02:00
1506,758,01/08/2025 03:00
1507,759,17/07/2025 00:00
1508,760,19/07/2025 22:00
1509,760,19/07/2025 23:00
1510,760,20/07/2025 00:00
1511,761,10/07/2025 16:00
1512,761,10/07/2025 17:00
1513,762,01/07/2025 13:00
1514,762,01/07/2025 14:00
1515,762,01/07/2025 15:00
1516,763,27/08/2025 08:00
1517,764,13/07/2025 13:00
1518,764,13/07/2025 14:00
1519,764,13/07/2025 15:00
1520,765,18/07/2025 21:00
1521,765,18/07/2025 22:00
1522,766,22/08/2025 15:00
1523,767,09/08/2025 14:00
1524,767,09/08/2025 15:00
1525,768,15/08/2025 11:00
1526,768,15/08/2025 12:00
1527,768,15/08/2025 13:00
1528,769,30/08/2025 08:00
1529,769,30/08/2025 09:00
1530,769,30/08/2025 10:00
1531,770,01/07/2025 16:00
1532,771,11/08/2025 23:00
1533,771,12/08/2025 00:00
1534,771,12/08/2025 01:00
1535,772,25/07/2025 10:00
1536,772,25/07/2025 11:00
1537,773,04/08/2025 09:00
1538,774,18/08/2025 10:00
1539,774,18/08/2025 11:00
1540,775,18/08/2025 10:00
1541,775,18/08/2025 11:00
1542,775,18/08/2025 12:00
1543,776,14/07/2025 23:00
1544,777,02/08/2025 16:00
1545,778,06/08/2025 08:00
1546,779,30/08/2025 08:00
1547,779,30/08/2025 09:00
1548,780,31/08/2025 10:00
1549,781,02/07/2025 00:00
1550,781,02/07/2025 01:00
1551,781,02/07/2025 02:00
1552,782,30/08/2025 12:00
1553,783,25/07/2025 19:00
1554,784,08/08/2025 15:00
1555,785,12/08/2025 04:00
1556,785,12/08/2025 05:00
1557,785,12/08/2025 06:00
1558,786,06/07/2025 17:00
1559,786,06/07/2025 18:00
1560,786,06/07/2025 19:00
1561,787,02/07/2025 17:00
1562,788,09/07/2025 06:00
1563,788,09/07/2025 07:00
1564,789,13/08/2025 14:00
1565,789,13/08/2025 15:00
1566,789,13/08/2025 16:00
1567,790,18/08/2025 14:00
1568,790,18/08/2025 15:00
1569,790,18/08/2025 16:00
1570,791,03/07/2025 20:00
1571,792,14/07/2025 03:00
1572,792,14/07/2025 04:00
1573,792,14/07/2025 05:00
1574,793,24/08/2025 04:00
1575,793,24/08/2025 05:00
1576,793,24/08/2025 06:00
1577,794,03/08/2025 11:00
1578,794,03/08/2025 12:00
1579,794,03/08/2025 13:00
1580,795,17/08/2025 01:00
1581,795,17/08/2025 02:00
1582,796,07/07/2025 09:00
1583,796,07/07/2025 10:00
1584,797,30/07/2025 18:00
1585,797,30/07/2025 19:00
1586,797,30/07/2025 20:00
1587,798,07/08/2025 03:00
1588,798,07/08/2025 04:00
1589,798,07/08/2025 05:00
1590,799,30/08/2025 11:00
1591,799,30/08/2025 12:00
1592,800,29/08/2025 23:00
1593,800,30/08/2025 00:00
1594,800,30/08/2025 01:00
1595,801,04/07/2025 12:00
1596,801,04/07/2025 13:00
1597,802,27/07/2025 11:00
1598,802,27/07/2025 12:00
1599,802,27/07/2025 13:00
1600,803,20/07/2025 13:00
1601,804,31/07/2025 04:00
1602,804,31/07/2025 05:00
1603,804,31/07/2025 06:00
1604,805,18/07/2025 03:00
1605,805,18/07/2025 04:00
1606,806,22/08/2025 16:00
1607,806,22/08/2025 17:00
1608,807,25/07/2025 09:00
1609,808,05/07/2025 06:00
1610,808,05/07/2025 07:00
1611,809,27/08/2025 00:00
1612,810,10/07/2025 20:00
1613,810,10/07/2025 21:00
1614,810,10/07/2025 22:00
1615,811,02/08/2025 00:00
1616,811,02/08/2025 01:00
1617,811,02/08/2025 02:00
1618,812,31/07/2025 17:00
1619,812,31/07/2025 18:00
1620,813,22/07/2025 09:00
1621,813,22/07/2025 10:00
1622,813,22/07/2025 11:00
1623,814,09/08/2025 14:00
1624,814,09/08/2025 15:00
1625,814,09/08/2025 16:00
1626,815,25/08/2025 05:00
1627,816,18/07/2025 03:00
1628,817,11/08/2025 12:00
1629,818,22/07/2025 16:00
1630,819,24/07/2025 04:00
1631,819,24/07/2025 05:00
1632,820,03/08/2025 10:00
1633,820,03/08/2025 11:00
1634,821,26/07/2025 10:00
1635,821,26/07/2025 11:00
1636,822,26/08/2025 05:00
1637,823,18/07/2025 13:00
1638,823,18/07/2025 14:00
1639,823,18/07/2025 15:00
1640,824,03/07/2025 03:00
1641,824,03/07/2025 04:00
1642,824,03/07/2025 05:00
1643,825,05/08/2025 12:00
1644,825,05/08/2025 13:00
1645,826,10/08/2025 02:00
1646,827,22/08/2025 11:00
1647,827,22/08/2025 12:00
1648,828,10/07/2025 07:00
1649,828,10/07/2025 08:00
1650,828,10/07/2025 09:00
1651,829,15/07/2025 10:00
1652,829,15/07/2025 11:00
1653,829,15/07/2025 12:00
1654,830,30/07/2025 10:00
1655,831,29/07/2025 21:00
1656,831,29/07/2025 22:00
1657,831,29/07/2025 23:00
1658,832,29/08/2025 11:00
1659,832,29/08/2025 12:00
1660,832,29/08/2025 13:00
1661,833,29/08/2025 19:00
1662,833,29/08/2025 20:00
1663,834,20/08/2025 05:00
1664,834,20/08/2025 06:00
1665,835,28/07/2025 08:00
1666,835,28/07/2025 09:00
1667,836,06/07/2025 01:00
1668,837,08/08/2025 10:00
1669,837,08/08/2025 11:00
1670,838,21/08/2025 16:00
1671,839,06/07/2025 20:00
1672,840,31/07/2025 13:00
1673,840,31/07/2025 14:00
1674,841,29/08/2025 15:00
1675,841,29/08/2025 16:00
1676,842,02/07/2025 04:00
1677,842,02/07/2025 05:00
1678,842,02/07/2025 06:00
1679,843,27/07/2025 00:00
1680,843,27/07/2025 01:00
1681,844,11/07/2025 19:00
1682,844,11/07/2025 20:00
1683,844,11/07/2025 21:00
1684,845,09/07/2025 04:00
1685,845,09/07/2025 05:00
1686,845,09/07/2025 06:00
1687,846,01/08/2025 02:00
1688,846,01/08/2025 03:00
1689,847,16/07/2025 22:00
1690,847,16/07/2025 23:00
1691,847,17/07/2025 00:00
1692,848,09/08/2025 23:00
1693,848,10/08/2025 00:00
1694,849,22/07/2025 14:00
1695,849,22/07/2025 15:00
1696,850,15/07/2025 09:00
1697,851,11/07/2025 19:00
1698,852,12/07/2025 04:00
1699,852,12/07/2025 05:00
1700,853,29/07/2025 10:00
1701,854,20/07/2025 08:00
1702,854,20/07/2025 09:00
1703,855,19/07/2025 21:00
1704,856,05/08/2025 22:00
1705,857,31/08/2025 15:00
1706,857,31/08/2025 16:00
1707,858,21/08/2025 02:00
1708,858,21/08/2025 03:00
1709,859,28/08/2025 11:00
1710,859,28/08/2025 12:00
1711,859,28/08/2025 13:00
1712,860,14/08/2025 05:00
1713,860,14/08/2025 06:00
1714,860,14/08/2025 07:00
1715,861,06/07/2025 21:00
1716,861,06/07/2025 22:00
1717,861,06/07/2025 23:00
1718,862,28/07/2025 03:00
1719,863,10/08/2025 01:00
1720,863,10/08/2025 02:00
1721,864,28/07/2025 16:00
1722,865,14/08/2025 10:00
1723,866,23/07/2025 20:00
1724,867,12/07/2025 01:00
1725,867,12/07/2025 02:00
1726,868,10/07/2025 19:00
1727,869,30/07/2025 00:00
1728,869,30/07/2025 01:00
1729,870,11/07/2025 00:00
1730,871,20/08/2025 11:00
1731,871,20/08/2025 12:00
1732,872,05/07/2025 05:00
1733,872,05/07/2025 06:00
1734,873,08/08/2025 14:00
1735,874,20/08/2025 00:00
1736,875,05/07/2025 00:00
1737,875,05/07/2025 01:00
1738,875,05/07/2025 02:00
1739,876,25/07/2025 17:00
1740,876,25/07/2025 18:00
1741,876,25/07/2025 19:00
1742,877,11/08/2025 05:00
1743,878,10/08/2025 15:00
1744,878,10/08/2025 16:00
1745,878,10/08/2025 17:00
1746,879,12/07/2025 17:00
1747,880,27/07/2025 01:00
1748,880,27/07/2025 02:00
1749,880,27/07/2025 03:00
1750,881,25/07/2025 18:00
1751,882,13/08/2025 06:00
1752,882,13/08/2025 07:00
1753,883,16/08/2025 09:00
1754,884,29/07/2025 02:00
1755,885,31/08/2025 20:00
1756,885,31/08/2025 21:00
1757,886,13/07/2025 13:00
1758,887,18/08/2025 12:00
1759,887,18/08/2025 13:00
1760,888,14/07/2025 23:00
1761,889,17/07/2025 08:00
1762,890,24/07/2025 21:00
1763,890,24/07/2025 22:00
1764,890,24/07/2025 23:00
1765,891,01/08/2025 17:00
1766,891,01/08/2025 18:00
1767,891,01/08/2025 19:00
1768,892,25/08/2025 22:00
1769,892,25/08/2025 23:00
1770,892,26/08/2025 00:00
1771,893,23/08/2025 21:00
1772,894,28/08/2025 23:00
1773,894,29/08/2025 00:00
1774,895,09/08/2025 03:00
1775,896,08/07/2025 19:00
1776,897,20/07/2025 19:00
1777,897,20/07/2025 20:00
1778,898,27/08/2025 15:00
1779,898,27/08/2025 16:00
1780,899,17/08/2025 06:00
1781,899,17/08/2025 07:00
1782,900,27/07/2025 23:00
1783,901,20/08/2025 04:00
1784,901,20/08/2025 05:00
1785,901,20/08/2025 06:00
1786,902,28/08/2025 11:00
1787,902,28/08/2025 12:00
1788,902,28/08/2025 13:00
1789,903,22/08/2025 12:00
1790,904,07/08/2025 03:00
1791,905,21/07/2025 17:00
1792,905,21/07/2025 18:00
1793,906,22/08/2025 02:00
1794,906,22/08/2025 03:00
1795,907,05/07/2025 16:00
1796,907,05/07/2025 17:00
1797,907,05/07/2025 18:00
1798,908,28/07/2025 20:00
1799,908,28/07/2025 21:00
1800,909,05/07/2025 08:00
1801,910,03/07/2025 17:00
1802,911,23/08/2025 03:00
1803,912,21/07/2025 20:00
1804,912,21/07/2025 21:00
1805,913,03/07/2025 22:00
1806,914,24/08/2025 03:00
1807,914,24/08/2025 04:00
1808,914,24/08/2025 05:00
1809,915,09/07/2025 16:00
1810,915,09/07/2025 17:00
1811,915,09/07/2025 18:00
1812,916,01/07/2025 12:00
1813,917,05/07/2025 12:00
1814,917,05/07/2025 13:00
1815,917,05/07/2025 14:00
1816,918,22/07/2025 16:00
1817,918,22/07/2025 17:00
1818,919,24/08/2025 11:00
1819,920,09/08/2025 14:00
1820,920,09/08/2025 15:00
1821,921,31/08/2025 05:00
1822,921,31/08/2025 06:00
1823,922,15/07/2025 09:00
1824,923,15/08/2025 20:00
1825,923,15/08/2025 21:00
1826,923,15/08/2025 22:00
1827,924,18/07/2025 02:00
1828,925,07/08/2025 14:00
1829,926,24/07/2025 04:00
1830,927,22/08/2025 20:00
1831,928,16/08/2025 13:00
1832,929,17/07/2025 09:00
1833,929,17/07/2025 10:00
1834,930,05/07/2025 05:00
1835,930,05/07/2025 06:00
1836,931,28/07/2025 10:00
1837,932,05/07/2025 22:00
1838,932,05/07/2025 23:00
1839,932,06/07/2025 00:00
1840,933,17/07/2025 12:00
1841,933,17/07/2025 13:00
1842,933,17/07/2025 14:00
1843,934,29/07/2025 11:00
1844,934,29/07/2025 12:00
1845,934,29/07/2025 13:00
1846,935,22/08/2025 17:00
1847,935,22/08/2025 18:00
1848,936,23/08/2025 09:00
1849,936,23/08/2025 10:00
1850,936,23/08/2025 11:00
1851,937,17/07/2025 10:00
1852,937,17/07/2025 11:00
1853,938,04/08/2025 08:00
1854,938,04/08/2025 09:00
1855,939,29/07/2025 03:00
1856,940,06/08/2025 17:00
1857,940,06/08/2025 18:00
1858,940,06/08/2025 19:00
1859,941,02/08/2025 20:00
1860,942,31/08/2025 21:00
1861,942,31/08/2025 22:00
1862,943,06/07/2025 21:00
1863,943,06/07/2025 22:00
1864,943,06/07/2025 23:00
1865,944,21/07/2025 10:00
1866,945,26/07/2025 06:00
1867,945,26/07/2025 07:00
1868,946,24/08/2025 15:00
1869,947,29/08/2025 22:00
1870,947,29/08/2025 23:00
1871,948,27/07/2025 17:00
1872,948,27/07/2025 18:00
1873,949,01/08/2025 11:00
1874,950,15/08/2025 16:00
1875,950,15/08/2025 17:00
1876,950,15/08/2025 18:00
1877,951,26/08/2025 18:00
1878,951,26/08/2025 19:00
1879,952,08/08/2025 22:00
1880,952,08/08/2025 23:00
1881,953,07/07/2025 18:00
1882,953,07/07/2025 19:00
1883,953,07/07/2025 20:00
1884,954,25/07/2025 10:00
1885,955,18/08/2025 06:00
1886,955,18/08/2025 07:00
1887,956,24/08/2025 11:00
1888,956,24/08/2025 12:00
1889,956,24/08/2025 13:00
1890,957,22/07/2025 07:00
1891,957,22/07/2025 08:00
1892,958,27/07/2025 22:00
1893,959,07/07/2025 12:00
1894,960,21/08/2025 11:00
1895,960,21/08/2025 12:00
1896,960,21/08/2025 13:00
1897,961,05/08/2025 08:00
1898,961,05/08/2025 09:00
1899,961,05/08/2025 10:00
1900,962,09/07/2025 15:00
1901,962,09/07/2025 16:00
1902,962,09/07/2025 17:00
1903,963,27/08/2025 12:00
1904,964,27/07/2025 03:00
1905,964,27/07/2025 04:00
1906,964,27/07/2025 05:00
1907,965,28/08/2025 20:00
1908,965,28/08/2025 21:00
1909,966,25/08/2025 08:00
1910,966,25/08/2025 09:00
1911,966,25/08/2025 10:00
1912,967,08/08/2025 10:00
1913,967,08/08/2025 11:00
1914,967,08/08/2025 12:00
1915,968,15/07/2025 04:00
1916,969,24/07/2025 13:00
1917,969,24/07/2025 14:00
1918,969,24/07/2025 15:00
1919,970,08/07/2025 16:00
1920,970,08/07/2025 17:00
1921,971,29/07/2025 21:00
1922,971,29/07/2025 22:00
1923,971,29/07/2025 23:00
1924,972,18/07/2025 01:00
1925,972,18/07/2025 02:00
1926,972,18/07/2025 03:00
1927,973,20/07/2025 23:00
1928,974,20/07/2025 16:00
1929,974,20/07/2025 17:00
1930,974,20/07/2025 18:00
1931,975,22/08/2025 06:00
1932,976,09/08/2025 04:00
1933,977,23/07/2025 07:00
1934,978,11/08/2025 21:00
1935,979,16/07/2025 06:00
1936,979,16/07/2025 07:00
1937,979,16/07/2025 08:00
1938,980,20/08/2025 11:00
1939,981,01/08/2025 16:00
1940,981,01/08/2025 17:00
1941,982,09/07/2025 20:00
1942,982,09/07/2025 21:00
1943,983,23/07/2025 15:00
1944,983,23/07/2025 16:00
1945,983,23/07/2025 17:00
1946,984,27/07/2025 18:00
1947,984,27/07/2025 19:00
1948,985,07/08/2025 04:00
1949,985,07/08/2025 05:00
1950,986,12/07/2025 21:00
1951,986,12/07/2025 22:00
1952,986,12/07/2025 23:00
1953,987,02/08/2025 06:00
1954,987,02/08/2025 07:00
1955,988,09/07/2025 03:00
1956,988,09/07/2025 04:00
1957,988,09/07/2025 05:00
1958,989,27/08/2025 23:00
1959,989,28/08/2025 00:00
1960,989,28/08/2025 01:00
1961,990,25/07/2025 04:00
1962,990,25/07/2025 05:00
1963,990,25/07/2025 06:00
1964,991,26/07/2025 03:00
1965,992,04/08/2025 15:00
1966,993,31/08/2025 07:00
1967,993,31/08/2025 08:00
1968,994,13/07/2025 03:00
1969,994,13/07/2025 04:00
1970,995,24/07/2025 14:00
1971,996,05/07/2025 18:00
1972,996,05/07/2025 19:00
1973,997,29/07/2025 19:00
1974,998,29/07/2025 03:00
1975,999,02/07/2025 13:00
1976,999,02/07/2025 14:00
1977,999,02/07/2025 15:00
1978,1000,03/08/2025 19:00
1979,1001,24/08/2025 03:00
1980,1001,24/08/2025 04:00
1981,1001,24/08/2025 05:00
1982,1002,20/07/2025 04:00
1983,1002,20/07/2025 05:00
1984,1003,07/07/2025 00:00
1985,1003,07/07/2025 01:00
1986,1003,07/07/2025 02:00
1987,1004,06/07/2025 12:00
1988,1005,10/07/2025 04:00
1989,1005,10/07/2025 05:00
1990,1005,10/07/2025 06:00
1991,1006,08/07/2025 17:00
1992,1006,08/07/2025 18:00
1993,1007,09/08/2025 23:00
1994,1007,10/08/2025 00:00
1995,1007,10/08/2025 01:00
1996,1008,07/07/2025 05:00
1997,1009,29/07/2025 15:00
1998,1009,29/07/2025 16:00
1999,1009,29/07/2025 17:00
2000,1010,09/07/2025 05:00
2001,1011,27/07/2025 00:00
2002,1011,27/07/2025 01:00
2003,1012,25/07/2025 18:00
2004,1013,02/08/2025 10:00
2005,1013,02/08/2025 11:00
2006,1013,02/08/2025 12:00
2007,1014,31/07/2025 22:00
2008,1014,31/07/2025 23:00
2009,1015,02/08/2025 12:00
2010,1015,02/08/2025 13:00
2011,1015,02/08/2025 14:00
2012,1016,27/08/2025 03:00
2013,1016,27/08/2025 04:00
2014,1017,06/07/2025 10:00
2015,1018,20/07/2025 04:00
2016,1018,20/07/2025 05:00
2017,1019,08/07/2025 21:00
2018,1019,08/07/2025 22:00
2019,1020,08/08/2025 16:00
2020,1021,08/07/2025 08:00
2021,1021,08/07/2025 09:00
2022,1021,08/07/2025 10:00
2023,1022,08/08/2025 12:00
2024,1022,08/08/2025 13:00
2025,1022,08/08/2025 14:00
2026,1023,13/08/2025 16:00
2027,1023,13/08/2025 17:00
2028,1024,26/07/2025 18:00
2029,1024,26/07/2025 19:00
2030,1025,17/07/2025 01:00
2031,1025,17/07/2025 02:00
2032,1025,17/07/2025 03:00
2033,1026,26/08/2025 00:00
2034,1026,26/08/2025 01:00
2035,1026,26/08/2025 02:00
2036,1027,18/07/2025 02:00
2037,1028,15/07/2025 09:00
2038,1028,15/07/2025 10:00
2039,1029,09/07/2025 11:00
2040,1029,09/07/2025 12:00
2041,1029,09/07/2025 13:00
2042,1030,27/08/2025 03:00
2043,1030,27/08/2025 04:00
2044,1030,27/08/2025 05:00
2045,1031,27/08/2025 09:00
2046,1031,27/08/2025 10:00
2047,1032,06/08/2025 10:00
2048,1032,06/08/2025 11:00
2049,1032,06/08/2025 12:00
2050,1033,20/07/2025 02:00
2051,1033,20/07/2025 03:00
2052,1034,06/08/2025 21:00
2053,1034,06/08/2025 22:00
2054,1035,02/08/2025 14:00
2055,1035,02/08/2025 15:00
2056,1036,09/08/2025 09:00
2057,1036,09/08/2025 10:00
2058,1036,09/08/2025 11:00
2059,1037,08/07/2025 12:00
2060,1037,08/07/2025 13:00
2061,1037,08/07/2025 14:00
2062,1038,23/08/2025 07:00
2063,1039,24/08/2025 20:00
2064,1040,16/07/2025 13:00
2065,1040,16/07/2025 14:00
2066,1041,16/08/2025 11:00
2067,1041,16/08/2025 12:00
2068,1041,16/08/2025 13:00
2069,1042,13/08/2025 21:00
2070,1042,13/08/2025 22:00
2071,1043,08/08/2025 20:00
2072,1043,08/08/2025 21:00
2073,1044,19/08/2025 19:00
2074,1045,22/08/2025 05:00
2075,1046,02/07/2025 03:00
2076,1046,02/07/2025 04:00
2077,1046,02/07/2025 05:00
2078,1047,16/07/2025 16:00
2079,1047,16/07/2025 17:00
2080,1048,01/08/2025 11:00
2081,1048,01/08/2025 12:00
2082,1048,01/08/2025 13:00
2083,1049,01/07/2025 16:00
2084,1050,23/07/2025 18:00
2085,1051,07/07/2025 07:00
2086,1051,07/07/2025 08:00
2087,1051,07/07/2025 09:00
2088,1052,04/07/2025 06:00
2089,1052,04/07/2025 07:00
2090,1052,04/07/2025 08:00
2091,1053,27/08/2025 11:00
2092,1053,27/08/2025 12:00
2093,1053,27/08/2025 13:00
2094,1054,28/07/2025 06:00
2095,1055,17/07/2025 16:00
2096,1055,17/07/2025 17:00
2097,1055,17/07/2025 18:00
2098,1056,31/08/2025 17:00
2099,1056,31/08/2025 18:00
2100,1057,15/08/2025 11:00
2101,1057,15/08/2025 12:00
2102,1057,15/08/2025 13:00
2103,1058,07/07/2025 17:00
2104,1058,07/07/2025 18:00
2105,1058,07/07/2025 19:00
2106,1059,20/08/2025 12:00
2107,1059,20/08/2025 13:00
2108,1060,06/07/2025 17:00
2109,1061,27/08/2025 05:00
2110,1061,27/08/2025 06:00
2111,1061,27/08/2025 07:00
2112,1062,10/07/2025 17:00
2113,1062,10/07/2025 18:00
2114,1063,21/07/2025 17:00
2115,1063,21/07/2025 18:00
2116,1064,13/08/2025 06:00
2117,1064,13/08/2025 07:00
2118,1065,03/07/2025 13:00
2119,1065,03/07/2025 14:00
2120,1065,03/07/2025 15:00
2121,1066,26/07/2025 20:00
2122,1067,23/07/2025 05:00
2123,1067,23/07/2025 06:00
2124,1067,23/07/2025 07:00
2125,1068,23/08/2025 17:00
2126,1068,23/08/2025 18:00
2127,1069,08/08/2025 22:00
2128,1070,18/08/2025 20:00
2129,1071,19/08/2025 09:00
2130,1071,19/08/2025 10:00
2131,1072,04/07/2025 14:00
2132,1072,04/07/2025 15:00
2133,1072,04/07/2025 16:00
2134,1073,17/08/2025 23:00
2135,1073,18/08/2025 00:00
2136,1074,12/08/2025 13:00
2137,1075,05/08/2025 02:00
2138,1075,05/08/2025 03:00
2139,1076,01/07/2025 01:00
2140,1077,26/08/2025 18:00
2141,1078,17/07/2025 10:00
2142,1078,17/07/2025 11:00
2143,1078,17/07/2025 12:00
2144,1079,30/07/2025 05:00
2145,1079,30/07/2025 06:00
2146,1079,30/07/2025 07:00
2147,1080,27/07/2025 08:00
2148,1081,13/08/2025 18:00
2149,1081,13/08/2025 19:00
2150,1082,07/07/2025 11:00
2151,1082,07/07/2025 12:00
2152,1083,31/08/2025 20:00
2153,1083,31/08/2025 21:00
2154,1084,19/08/2025 17:00
2155,1084,19/08/2025 18:00
2156,1084,19/08/2025 19:00
2157,1085,01/07/2025 23:00
2158,1086,15/08/2025 21:00
2159,1086,15/08/2025 22:00
2160,1086,15/08/2025 23:00
2161,1087,26/08/2025 06:00
2162,1087,26/08/2025 07:00
2163,1088,01/07/2025 15:00
2164,1089,29/07/2025 00:00
2165,1089,29/07/2025 01:00
2166,1089,29/07/2025 02:00
2167,1090,17/07/2025 23:00
2168,1090,18/07/2025 00:00
2169,1090,18/07/2025 01:00
2170,1091,23/07/2025 06:00
2171,1091,23/07/2025 07:00
2172,1092,10/08/2025 15:00
2173,1092,10/08/2025 16:00
2174,1092,10/08/2025 17:00
2175,1093,21/07/2025 20:00
2176,1094,05/08/2025 03:00
2177,1094,05/08/2025 04:00
2178,1095,21/07/2025 20:00
2179,1095,21/07/2025 21:00
2180,1096,06/07/2025 00:00
2181,1096,06/07/2025 01:00
2182,1096,06/07/2025 02:00
2183,1097,10/08/2025 10:00
2184,1097,10/08/2025 11:00
2185,1098,16/07/2025 11:00
2186,1098,16/07/2025 12:00
2187,1098,16/07/2025 13:00
2188,1099,12/07/2025 08:00
2189,1100,15/07/2025 14:00
2190,1100,15/07/2025 15:00
2191,1101,11/08/2025 21:00
2192,1102,05/07/2025 07:00
2193,1102,05/07/2025 08:00
2194,1103,17/07/2025 13:00
2195,1104,03/08/2025 21:00
2196,1104,03/08/2025 22:00
2197,1104,03/08/2025 23:00
2198,1105,26/08/2025 18:00
2199,1106,13/07/2025 00:00
2200,1106,13/07/2025 01:00
2201,1106,13/07/2025 02:00
2202,1107,25/08/2025 22:00
2203,1107,25/08/2025 23:00
2204,1107,26/08/2025 00:00
2205,1108,16/07/2025 01:00
2206,1108,16/07/2025 02:00
2207,1109,12/08/2025 14:00
2208,1109,12/08/2025 15:00
2209,1109,12/08/2025 16:00
2210,1110,25/08/2025 13:00
2211,1110,25/08/2025 14:00
2212,1110,25/08/2025 15:00
2213,1111,17/08/2025 18:00
2214,1112,01/07/2025 03:00
2215,1112,01/07/2025 04:00
2216,1112,01/07/2025 05:00
2217,1113,18/08/2025 04:00
2218,1113,18/08/2025 05:00
2219,1114,13/07/2025 18:00
2220,1114,13/07/2025 19:00
2221,1114,13/07/2025 20:00
2222,1115,13/07/2025 03:00
2223,1115,13/07/2025 04:00
2224,1115,13/07/2025 05:00
2225,1116,01/07/2025 11:00
2226,1116,01/07/2025 12:00
2227,1116,01/07/2025 13:00
2228,1117,09/08/2025 17:00
2229,1117,09/08/2025 18:00
2230,1118,26/08/2025 15:00
2231,1119,16/08/2025 05:00
2232,1120,22/07/2025 07:00
2233,1121,05/07/2025 23:00
2234,1121,06/07/2025 00:00
2235,1121,06/07/2025 01:00
2236,1122,15/07/2025 10:00
2237,1122,15/07/2025 11:00
2238,1123,23/07/2025 01:00
2239,1123,23/07/2025 02:00
2240,1124,26/08/2025 05:00
2241,1124,26/08/2025 06:00
2242,1125,07/07/2025 08:00
2243,1126,09/07/2025 23:00
2244,1126,10/07/2025 00:00
2245,1127,12/07/2025 07:00
2246,1127,12/07/2025 08:00
2247,1128,17/07/2025 00:00
2248,1128,17/07/2025 01:00
2249,1128,17/07/2025 02:00
2250,1129,01/07/2025 12:00
2251,1130,15/07/2025 02:00
2252,1130,15/07/2025 03:00
2253,1130,15/07/2025 04:00
2254,1131,19/07/2025 06:00
2255,1132,27/07/2025 23:00
2256,1132,28/07/2025 00:00
2257,1133,20/07/2025 16:00
2258,1133,20/07/2025 17:00
2259,1134,17/08/2025 01:00
2260,1134,17/08/2025 02:00
2261,1134,17/08/2025 03:00
2262,1135,01/08/2025 10:00
2263,1135,01/08/2025 11:00
2264,1136,01/08/2025 04:00
2265,1137,29/07/2025 02:00
2266,1137,29/07/2025 03:00
2267,1138,28/08/2025 14:00
2268,1138,28/08/2025 15:00
2269,1139,03/07/2025 12:00
2270,1139,03/07/2025 13:00
2271,1140,27/08/2025 17:00
2272,1141,17/07/2025 21:00
2273,1142,12/07/2025 05:00
2274,1142,12/07/2025 06:00
2275,1143,10/07/2025 22:00
2276,1144,14/08/2025 12:00
2277,1144,14/08/2025 13:00
2278,1145,11/08/2025 06:00
2279,1146,05/07/2025 20:00
2280,1146,05/07/2025 21:00
2281,1146,05/07/2025 22:00
2282,1147,29/08/2025 00:00
2283,1148,04/07/2025 13:00
2284,1148,04/07/2025 14:00
2285,1149,03/07/2025 17:00
2286,1149,03/07/2025 18:00
2287,1149,03/07/2025 19:00
2288,1150,28/08/2025 06:00
2289,1150,28/08/2025 07:00
2290,1151,19/07/2025 20:00
2291,1152,23/07/2025 05:00
2292,1153,06/07/2025 20:00
2293,1153,06/07/2025 21:00
2294,1154,27/08/2025 01:00
2295,1155,19/08/2025 03:00
2296,1155,19/08/2025 04:00
2297,1155,19/08/2025 05:00
2298,1156,09/07/2025 09:00
2299,1156,09/07/2025 10:00
2300,1156,09/07/2025 11:00
2301,1157,28/07/2025 20:00
2302,1157,28/07/2025 21:00
2303,1157,28/07/2025 22:00
2304,1158,13/08/2025 03:00
2305,1158,13/08/2025 04:00
2306,1158,13/08/2025 05:00
2307,1159,06/08/2025 21:00
2308,1159,06/08/2025 22:00
2309,1160,11/08/2025 05:00
2310,1161,08/07/2025 10:00
2311,1161,08/07/2025 11:00
2312,1162,30/07/2025 08:00
2313,1163,07/07/2025 02:00
2314,1163,07/07/2025 03:00
2315,1163,07/07/2025 04:00
2316,1164,02/08/2025 22:00
2317,1164,02/08/2025 23:00
2318,1165,07/08/2025 10:00
2319,1165,07/08/2025 11:00
2320,1166,27/08/2025 16:00
2321,1166,27/08/2025 17:00
2322,1166,27/08/2025 18:00
2323,1167,14/08/2025 13:00
2324,1167,14/08/2025 14:00
2325,1168,17/08/2025 12:00
2326,1168,17/08/2025 13:00
2327,1169,08/08/2025 14:00
2328,1170,16/08/2025 21:00
2329,1171,19/07/2025 16:00
2330,1172,02/07/2025 12:00
2331,1172,02/07/2025 13:00
2332,1173,25/08/2025 15:00
2333,1173,25/08/2025 16:00
2334,1173,25/08/2025 17:00
2335,1174,17/07/2025 14:00
2336,1175,23/07/2025 10:00
2337,1175,23/07/2025 11:00
2338,1176,15/07/2025 14:00
2339,1177,13/07/2025 10:00
2340,1178,28/08/2025 18:00
2341,1179,26/07/2025 23:00
2342,1179,27/07/2025 00:00
2343,1180,01/07/2025 23:00
2344,1180,02/07/2025 00:00
2345,1181,22/07/2025 19:00
2346,1181,22/07/2025 20:00
2347,1182,28/08/2025 14:00
2348,1182,28/08/2025 15:00
2349,1183,07/08/2025 17:00
2350,1183,07/08/2025 18:00
2351,1184,15/07/2025 04:00
2352,1185,22/07/2025 11:00
2353,1185,22/07/2025 12:00
2354,1185,22/07/2025 13:00
2355,1186,16/08/2025 06:00
2356,1186,16/08/2025 07:00
2357,1187,05/08/2025 00:00
2358,1188,02/07/2025 23:00
2359,1188,03/07/2025 00:00
2360,1189,22/08/2025 20:00
2361,1189,22/08/2025 21:00
2362,1190,21/07/2025 12:00
2363,1190,21/07/2025 13:00
2364,1190,21/07/2025 14:00
2365,1191,11/08/2025 06:00
2366,1192,16/08/2025 16:00
2367,1192,16/08/2025 17:00
2368,1192,16/08/2025 18:00
2369,1193,26/07/2025 10:00
2370,1193,26/07/2025 11:00
2371,1194,20/07/2025 19:00
2372,1195,31/08/2025 23:00
2373,1195,01/09/2025 00:00
2374,1196,17/08/2025 08:00
2375,1196,17/08/2025 09:00
2376,1196,17/08/2025 10:00
2377,1197,18/08/2025 05:00
2378,1198,25/08/2025 06:00
2379,1198,25/08/2025 07:00
2380,1198,25/08/2025 08:00
2381,1199,25/07/2025 02:00
2382,1199,25/07/2025 03:00
2383,1199,25/07/2025 04:00
2384,1200,06/07/2025 09:00
2385,1200,06/07/2025 10:00
2386,1200,06/07/2025 11:00
